blockNumber,timestamp,transactionHash,from,to,toCreate,fromIsContract,toIsContract,value,gasLimit,gasPrice,gasUsed,callingFunction,isError,eip2718type,baseFeePerGas,maxFeePerGas,maxPriorityFeePerGas
46147,1438918233,0x5c504ed432cb51138bcf09aa5e8a410dd4a1e204ef84bfed1be16dfba1b22060,0xa1e4380a3b1f749673e270229993ee55f35663b4,0x5df9b87991262f6ba471f09758cde1c0fc1de734,None,0,0,31337,21000,5.00E+13,21000,0x,None,None,None,None,None
46169,1438918613,0x19f1df2c7ee6b464720ad28e903aeda1a5ad8780afc22f0b960827bd4fcf656d,0xbd08e0cddec097db7901ea819a3d1fd9de8951a2,0x5c12a8e43faf884521c2454f39560e6c265a68c8,None,0,0,1.99E+19,21000,9.10E+11,21000,0x,None,None,None,None,None
46170,1438918630,0x9e6e19637bb625a8ff3d052b7c2fe57dc78c55a15d258d77c43d5a9c160b0384,0x63ac545c991243fa18aec41d4f6f598e555015dc,0xc93f2250589a6563f5359051c1ea25746549f0d8,None,0,0,6.00E+20,21000,5.00E+11,21000,0x,None,None,None,None,None
46194,1438918983,0xcb9378977089c773c074045b20ede2cdcc3a6ff562f4e64b51b20c5205234525,0x037dd056e7fdbd641db5b6bea2a8780a83fae180,0x7e7ec15a5944e978257ddae0008c2f2ece0a6090,None,0,0,1.00E+20,21000,1.00E+12,21000,0x,None,None,None,None,None
46205,1438919175,0x570ce19176bd0002b04a9179309129bbdaf0c4252ffeb76aedbb038cdf662850,0x3f2f381491797cc5c0d48296c14fd0cd00cdfa2d,0x4bd5f0ee173c81d42765154865ee69361b6ad189,None,0,0,8.04E+20,21000,5.00E+11,21000,0x,None,None,None,None,None
46214,1438919394,0xe17d4d0c4596ea7d5166ad5da600a6fdc49e26e0680135a2f7300eedfd0d8314,0xa1e4380a3b1f749673e270229993ee55f35663b4,0xc9d4035f4a9226d50f79b73aafb5d874a1b6537e,None,0,0,31337,21750,5.00E+13,21748,0x74796d34,None,None,None,None,None
46217,1438919451,0x2ec382949ba0b22443aa4cb38267b1fb5e68e188109ac11f7a82f67571a0adf3,0xc8ebccc5f5689fa8659d83713341e5ad19349448,0xc8ebccc5f5689fa8659d83713341e5ad19349448,None,0,0,0,21000,65334370444,21000,0x,None,None,None,None,None
46219,1438919461,0xe891897177614c91284b6929dc2ada5a87705c4729bda2d5eeae47ea2ca9d175,0xa1e4380a3b1f749673e270229993ee55f35663b4,0x5df9b87991262f6ba471f09758cde1c0fc1de734,None,0,0,31337,21800,5.00E+13,21748,0x74796d34,None,None,None,None,None
46220,1438919491,0x35d4f3dae18d72a0d4caf02359ca1844687ff879a2655bdec5c33c9b0f65f795,0xf0cf0af5bd7d8a3a1cad12a30b097265d49f255d,0xb608771949021d2f2f1c9c5afb980ad8bcda3985,None,0,0,1.00E+20,21000,64178193561,21000,0x,None,None,None,None,None
46230,1438919571,0x41738785c4330ce9531aed26b21b9cfba6f27b9183d11355f4d9522211c2a44e,0x1c68a66138783a63c98cc675a9ec77af4598d35e,0xc8ebccc5f5689fa8659d83713341e5ad19349448,None,0,0,5.00E+19,21000,71288549894,21000,0x,None,None,None,None,None
46235,1438919655,0x80f31704782a53514ab0693499f78922169885a16fd4821d42a4a820d2452799,0xfd2605a2bf58fdbb90db1da55df61628b47f9e8c,0x073f70b5bfade6409e4951ef72bc8f4157677729,None,0,0,1.00E+16,21000,70563255618,21000,0x,None,None,None,None,None
46237,1438919696,0x3a1be2710cc4c46adaf85bdfd42fa80b0f2044b3d976ee57de845981ae5a2430,0xbbed46565f5aa9af9539f543067821fa4b565438,0xbf8d8b4ec992203984f7379b001e87e6943dd5e3,None,0,0,4.41E+12,21000,70543826520,21000,0x,None,None,None,None,None
46239,1438919756,0xc0c1c720bc5b3583ad3a4075730b44c0c120a0fe660e51817f8c857bf37dbec0,0x8ce4949d8a16542d423c17984e6739fa72ceb177,0x15e34a8324164ef0890471f6f527451f7a22cf12,None,0,0,1.00E+20,21000,1.00E+12,21000,0x,None,None,None,None,None
46240,1438919809,0x04ff148add6a0b71ba11ff0813e376c0bf12a23bc9b984b9fdac33f3ad85121d,0x136d4b662bbd1080cfe4445b0fa213864435b7f1,0xc8ebccc5f5689fa8659d83713341e5ad19349448,None,0,0,1.00E+21,21000,81400949601,21000,0x,None,None,None,None,None
46242,1438919815,0x8e2ba7d83962ec633eab45afa77f37d72ecdfb40d968afd276c4320ad03a48a1,0x4d9279962029a8bd45639737e98b511eff074c21,0x99c236141daec837ece04fdaee1d90cf8bbdc104,None,0,0,1.00E+18,21000,74717879258,21000,0x,None,None,None,None,None
46245,1438919901,0xe063d3191ade43913d74ede2b6e056bf0aeaa216f79de10a62edea76290f38f6,0x8ce4949d8a16542d423c17984e6739fa72ceb177,0x15e34a8324164ef0890471f6f527451f7a22cf12,None,0,0,1.00E+20,21000,96136464245,21000,0x,None,None,None,None,None
46246,1438919913,0x8514ce8f269e2745264a5d3529b7dea51538304a7e70871fe800ca4872d9d83c,0x136d4b662bbd1080cfe4445b0fa213864435b7f1,0xc8ebccc5f5689fa8659d83713341e5ad19349448,None,0,0,2.00E+21,21000,93409693704,21000,0x,None,None,None,None,None
46247,1438919949,0x53b783a7552bae97fe01be2ec11d3d9f4344309b596954972f731384b38b5343,0x03b35d960c861fe987c50380d76db9d6ae1fa510,0xb83b76f35cf6b2149b34ee092b3fc93b7bb54a8d,None,0,0,5.00E+17,21000,91092907897,21000,0x,None,None,None,None,None
46250,1438919983,0x3811e0631ee580a60359958bf47fc9c61a8558c7ce7b8e0fff8f2ee01abc7a30,0x4d9279962029a8bd45639737e98b511eff074c21,0xd65f9b9aa7becfd1481bdd7e22527ca0900b7bc8,None,0,0,1.00E+20,21000,1.11E+11,21000,0x,None,None,None,None,None
46251,1438919990,0x304346de678ddca5b1311970e7e8d3f26a42d2924aaa2f2d73b8781a9a9a2c73,0xfd2605a2bf58fdbb90db1da55df61628b47f9e8c,0x073f70b5bfade6409e4951ef72bc8f4157677729,None,0,0,1.00E+16,21000,88893746891,21000,0x,None,None,None,None,None
46253,1438920022,0xfaa38b22af568040ad5f21db3d361736e7c94ee64f74c57a82b2af7ee17c2bf1,0x762998e1d75227fced7a70be109a4c0b4ed86414,0x9e0afd592b1e40bee26816e360f02eebf04ad74b,None,0,0,1.00E+15,21000,5.00E+13,21000,0x,None,None,None,None,None
46254,1438920042,0xe92bfc194a46e254244a83d8f1d07475cc28c871c12f53c3f9257d3af18e91b5,0x22f2dcff5ad78c3eb6850b5cb951127b659522e6,0xb5ce1861d98e85c84531dbc18720278328fd97f6,None,0,0,1.00E+18,21000,1.20E+11,21000,0x,None,None,None,None,None
46256,1438920064,0xa65bf5b19d573a4dd48bc8a0a4a9f05b6d0bcd713cba1c57b45130cf890a5600,0x136d4b662bbd1080cfe4445b0fa213864435b7f1,0xc8ebccc5f5689fa8659d83713341e5ad19349448,None,0,0,9.99E+20,21000,1.38E+11,21000,0x,None,None,None,None,None
46259,1438920102,0x6a146485f54509d31fc1c692e2e15463ac14e220c8211a58edc3fc4abe4348e6,0x03b35d960c861fe987c50380d76db9d6ae1fa510,0x07dc8c8b927adbedfa8f5d639b4352351f2f36d2,None,0,0,1.00E+18,21000,1.46E+11,21000,0x,None,None,None,None,None
46260,1438920167,0x0fb28c67b7769598af04e3f804b41eeddeacc2ceace8d0af00dac49d0eb0b09c,0x39d4a931402c0c79c457186f24df8729cf957031,0xe1f5b8dc9336bc9637ea97c3f3b13cd363f88854,None,0,0,3.00E+21,21000,1.47E+11,21000,0x,None,None,None,None,None
46261,1438920178,0xb5d9600f78d76834ca44efc0e6dbc1e11b34007807ee4076afb6bf8933a74048,0x15e34a8324164ef0890471f6f527451f7a22cf12,0x2c00e533f36ac741a29be87acb63366d2200138c,None,0,0,1.00E+20,21000,1.49E+11,21000,0x,None,None,None,None,None
46262,1438920197,0x003bd72d0e4da122082e919487bb0df8734d0747141a1f9c24dbd96427a99ece,0x762998e1d75227fced7a70be109a4c0b4ed86414,0x9e0afd592b1e40bee26816e360f02eebf04ad74b,None,0,0,1.89E+19,21000,1.50E+11,21000,0x,None,None,None,None,None
46269,1438920258,0x29a31f5c9a2820beb81ea553ba69e331193383c433c560fbfe921204a86d55b0,0xc1cdc601f89c0428b31302d187e0dc08ad7d1c57,0x806f38edec3539c3b368f49f5783d8c673935375,None,0,0,1.00E+21,21001,1.79E+11,21000,0x,None,None,None,None,None
46270,1438920289,0x0e2a5aa2d5cabaa90d3d00c9d8e5f3fb6e48e398df6b60a70bfecd584d33974c,0x22f2dcff5ad78c3eb6850b5cb951127b659522e6,0xb5ce1861d98e85c84531dbc18720278328fd97f6,None,0,0,1.00E+18,22300,1.70E+11,22224,0x4672616e,None,None,None,None,None
46271,1438920339,0x6a749df68169beccb1a548f75d68badcba816c2ad142f6aa1c0129ae30f36d04,0x762998e1d75227fced7a70be109a4c0b4ed86414,0x9e0afd592b1e40bee26816e360f02eebf04ad74b,None,0,0,4.20E+16,21000,1.50E+11,21000,0x,None,None,None,None,None
46273,1438920341,0xc97331513f24f2bb94142a7e3b87d9da9d7a0760214129e225ff3eea4b188c38,0x6232df6f3a300fcd3bc591452ac447eea3ac079f,0xd5508890f2b282fb1939b561ec11d8f2b6ed4e05,None,0,0,1.00E+18,21000,1.20E+11,21000,0x,None,None,None,None,None
46274,1438920390,0x669890439f5093b7dfbca9b06de1d6da78ceacf1ec0753252b3e6cf10ff81a3e,0xdc49b9dc1abb93ebb856547a1c0578d65f4a32de,0xff68c2f39c4e7fe2f92c2dc2f8615b1bf070e0fa,None,0,0,1.50E+19,21000,1.17E+12,21000,0x,None,None,None,None,None
46275,1438920403,0xaef899f6769fe611b5557457a3802d5cfae060027745f6ba9ac21d4648f02ca8,0xfc97c2c87e3cc03beb5fa2facaa10bbd0d0da1af,0x08cac8952641d8fc526ec1ab4f2df826a5e7710f,None,0,0,1.00E+16,21000,2.00E+11,21000,0x,None,None,None,None,None
46276,1438920404,0x8747dd2078867e89dd0341413062a8116bbe0ea1c48bac2a2d3adac1c084d149,0x8ce4949d8a16542d423c17984e6739fa72ceb177,0x15e34a8324164ef0890471f6f527451f7a22cf12,None,0,0,2.40E+22,21000,1.95E+11,21000,0x,None,None,None,None,None
46277,1438920416,0x90bfb6520a7b0a1d7dfa90a3d9a9a003829bb96804c199825040aff6fe34e62c,0x136d4b662bbd1080cfe4445b0fa213864435b7f1,0xc8ebccc5f5689fa8659d83713341e5ad19349448,None,0,0,9.80E+17,21000,1.94E+11,21000,0x,None,None,None,None,None
46278,1438920428,0xef8c113875caef23a7fb7931b39fe34ca0dd45178390ccff5eb5df7b2309ac3b,0xf7500c166f8bea2f82347606e5024be9e4f4ce99,0x2d3cf607adce246f0750b08ebdc87789edb2a407,None,0,0,1.00E+16,21000,5.00E+11,21000,0x,None,None,None,None,None
46279,1438920429,0xcf9f3fdb64623a3a134148df946b97f51ee3a9102953133811f4b77cbfea9be1,0x03b35d960c861fe987c50380d76db9d6ae1fa510,0xb83b76f35cf6b2149b34ee092b3fc93b7bb54a8d,None,0,0,1.00E+18,21000,1.93E+11,21000,0x,None,None,None,None,None
46280,1438920449,0xe98a45041d3decb084a08e88eb23dbb5ff19c5de7a71baace3b31ec20059d010,0x1c68a66138783a63c98cc675a9ec77af4598d35e,0xc8ebccc5f5689fa8659d83713341e5ad19349448,None,0,0,9.00E+16,21000,2.53E+11,21000,0x,None,None,None,None,None
46284,1438920536,0xd0aeaae2480e1716520cc7ec3848d0b5188623695ddf5807882471ba23e5df95,0xc1cdc601f89c0428b31302d187e0dc08ad7d1c57,0x6331fc207bfc3aabded887b553e5cd9898c8f801,None,0,0,5.00E+20,21001,2.57E+11,21000,0x,None,None,None,None,None
46286,1438920574,0x6f240638f16616dbf658cbaac4bc472b79cfb880038300d1cd8b0abd04f6735e,0x9e0afd592b1e40bee26816e360f02eebf04ad74b,0x81c039692a575005f2f5f26c6f69dba26a8f6408,None,0,0,5.00E+18,21000,1.50E+11,21000,0x,None,None,None,None,None
46291,1438920681,0xae55a9c251d1d4c3fc88347105a02a83b0ed1b1560c59b69aa6b3698dd3162df,0xfd2605a2bf58fdbb90db1da55df61628b47f9e8c,0x7266c8fd66ed582bea23bd8bc48e58d7f17321f3,None,0,0,1.00E+16,21000,2.66E+11,21000,0x,None,None,None,None,None
46295,1438920756,0x9243a44dcf0ecacbd81a3ce303c6f692cbe24882ef8fb9e82333103b0c52e394,0xfd2605a2bf58fdbb90db1da55df61628b47f9e8c,0x05da05ecf1f8a9ef04026806a840aea02d290969,None,0,0,1.00E+16,21000,2.81E+11,21000,0x,None,None,None,None,None
46300,1438920830,0xd23ae9b2e5c68caf2c5663af5ba27679dc3b3cb781c4dc698abbd17d63e32e9f,0xfd2605a2bf58fdbb90db1da55df61628b47f9e8c,0x88b3672d21fecaa5313c37c59de4ed53fd8c76fd,None,0,0,1.00E+16,21000,2.97E+11,21000,0x,None,None,None,None,None
46302,1438920857,0xba4fae2d99b48a952dee13ad3df2e19e5b08cb701feda95d636458af8924eff1,0x6baf48e1c966d16559ce2dddb616ffa72004851e,0xf55cdbdf978f539ea4eee0621f7f1a0f9f00f7d9,None,0,0,5.00E+16,21000,3.37E+11,21000,0x,None,None,None,None,None
46320,1438921209,0xc453f788ffc29d12b2ee917e9f8a62c38eecaa4821f826aa5c466297c3fe4c64,0xf86a3ea8071f7095c7db8a05ae507a8929dbb876,0xffb51e371b640c7c251dbfba2f061b66e9aea864,None,0,0,1.00E+16,21000,3.24E+11,21000,0x,None,None,None,None,None
46321,1438921225,0xa1a176eab8a980ae3e09d7789188be7459bc04242ca119feb731f51fe2294c2b,0x3d0768da09ce77d25e2d998e6a7b6ed4b9116c2d,0xc9d4035f4a9226d50f79b73aafb5d874a1b6537e,None,0,0,5.00E+16,21000,3.15E+11,21000,0x,None,None,None,None,None
46323,1438921248,0x6a5f6d09e9a78b143e1c44dbdef83dfc2e90ced7c9e4817890f69f575771bb37,0x4f4a9be10cd5d3fb5de48c17be296f895690645b,0x365b685282c9b242ec345fb64731ecfc4fcb834c,None,0,0,1.00E+20,21000,1.20E+11,21000,0x,None,None,None,None,None
46324,1438921289,0x84f105f753095d3b00bad565bb598c3c7e70a708f68d3494839b904698229136,0x232cb1cd49993c144a3f88b3611e233569a86bd6,0xcbf478675787c70c5696b1335ebcdabf401298f9,None,0,0,1.00E+18,21000,3.57E+11,21000,0x,None,None,None,None,None
46327,1438921329,0xf17d7a9c5e9e53a80b11a1f69712bd6fcc99697767428746e6abd237fcb12ed5,0x4d9279962029a8bd45639737e98b511eff074c21,0x99c236141daec837ece04fdaee1d90cf8bbdc104,None,0,0,1.00E+18,21000,3.75E+11,21000,0x,None,None,None,None,None
46332,1438921439,0x122763b6288c220f94c228b5afc0eb19ab611e26cd98a01fcb83fc65647661bd,0x4d9279962029a8bd45639737e98b511eff074c21,0x99c236141daec837ece04fdaee1d90cf8bbdc104,None,0,0,1.00E+18,21000,3.93E+11,21000,0x,None,None,None,None,None
46337,1438921521,0x80b2f11a6243461a47db1e2cd7830b7da4199cb871a000340509a54eba203328,0x232cb1cd49993c144a3f88b3611e233569a86bd6,0xa08d215b5b6aac4861a281ac7e400b78fef04cbf,None,0,0,1.00E+21,21000,4.33E+11,21000,0x,None,None,None,None,None
46341,1438921567,0x54ebfd455338fc47e55b49ae216411bceb7b0c2e1aa7149803f6187eb9607178,0xaf880fc7567d5595cacce15c3fc14c8742c26c9e,0x543807d0af2c58b49d7f25659d0472d4d8b8e8da,None,0,0,1.00E+18,21000,4.91E+11,21000,0x,None,None,None,None,None
46342,1438921571,0x90622e215d2c1615a04298391a9be60bb16514b61ec364aba418400d70a4b6f3,0xbd744e3f13d79b33f6c8e1d5e32f8e9ba2866c46,0xd2e57181bee0bf25a2e7d377eaccec854bd65334,None,0,0,6.09E+18,21000,4.25E+11,21000,0x,None,None,None,None,None
46343,1438921572,0xa95aba36e952abf414b57ee7a57df88f328d2ef2469eb2aaf6c61d67aaec6735,0xbd744e3f13d79b33f6c8e1d5e32f8e9ba2866c46,0xd2e57181bee0bf25a2e7d377eaccec854bd65334,None,0,0,6.09E+18,21000,4.25E+11,21000,0x,None,None,None,None,None
46344,1438921600,0xd93d08d3b9eea108cf4a23eb75142770b1d1d870c2b716ecc331d96ceb94828a,0xbd744e3f13d79b33f6c8e1d5e32f8e9ba2866c46,0xd2e57181bee0bf25a2e7d377eaccec854bd65334,None,0,0,6.09E+18,21000,4.25E+11,21000,0x,None,None,None,None,None
46345,1438921604,0x0550c0a0e5bbbdb7f168bb4c47106f89a064dd751240b838329a72d4dbd14d81,0xbd744e3f13d79b33f6c8e1d5e32f8e9ba2866c46,0xd2e57181bee0bf25a2e7d377eaccec854bd65334,None,0,0,6.09E+18,21000,4.25E+11,21000,0x,None,None,None,None,None
46347,1438921633,0x2b4691e9a4eb3ccc81419e1e93a2e5b904c9b5d95b2ce70198c3fb0580df63f4,0xbd744e3f13d79b33f6c8e1d5e32f8e9ba2866c46,0xd2e57181bee0bf25a2e7d377eaccec854bd65334,None,0,0,6.09E+18,21000,4.25E+11,21000,0x,None,None,None,None,None
46349,1438921677,0x4a110de8110bb9eb250bdeb772ecafd517dfa109c14ff5d93dcfb96e9c562bb8,0x22f2dcff5ad78c3eb6850b5cb951127b659522e6,0x9aa9205faa68e731703c633b53fe5af8ece59d38,None,0,0,1.00E+18,23000,3.50E+11,22224,0x4672616e,None,None,None,None,None
46350,1438921698,0x589ccb8546a62fc93a6c97838fb43e56acc9964866d50b0a632489397703e448,0xdb0cc78f74d9827bdc8a6473276eb84fdc976212,0x529049b336ebfd6df2f059c7fa964ba833a2c32b,None,0,0,1.00E+18,21000,1.20E+12,21000,0x,None,None,None,None,None
46352,1438921723,0x8ccd2c535b8b0aad772ade5105905817633865e64592b28f26ec99297b297643,0xf86a3ea8071f7095c7db8a05ae507a8929dbb876,0xffb51e371b640c7c251dbfba2f061b66e9aea864,None,0,0,1.00E+16,21000,5.00E+11,21000,0x,None,None,None,None,None
46358,1438921803,0x7dc913b80014a8b3a5ef8f0aee7d5acd4e2a610c6482f2afaab474fd1d9a3d0f,0xf86a3ea8071f7095c7db8a05ae507a8929dbb876,0xffb51e371b640c7c251dbfba2f061b66e9aea864,None,0,0,1.10E+16,21000,8.00E+11,21000,0x,None,None,None,None,None
46359,1438921824,0xe5abfd361a36c1196a46b8a352e180514561521f394f1888f92ff66f35091412,0xaf880fc7567d5595cacce15c3fc14c8742c26c9e,0x543807d0af2c58b49d7f25659d0472d4d8b8e8da,None,0,0,1.50E+19,21000,5.00E+11,21000,0x,None,None,None,None,None
46363,1438921861,0xd6ed1f125c4222b5039f169eab9e81df1ebd1bd09f87faf0e11cdf0d6601c4f0,0x9252a9c83d5703edc585cfdce80d5f903d357514,0xc54671b79ffcdc38c550bfc2f43aca4faf8d6f64,None,0,0,9.90E+18,21000,6.00E+11,21000,0x,None,None,None,None,None
46366,1438921936,0xbab6d130b93743acc1b0660016ee092c0832bc839b143ac752309e9515beca3a,0xf7500c166f8bea2f82347606e5024be9e4f4ce99,0x2a3a69c490dd4c3b15959d4df6531d37e4f3e0d6,None,0,0,1.00E+16,22000,5.00E+11,21000,0x,None,None,None,None,None
46369,1438922036,0x1fb91f15b5656671d58edc8e216f033195b50a157cc94c0583f24ac19fb2bae2,0xdb0cc78f74d9827bdc8a6473276eb84fdc976212,0x529049b336ebfd6df2f059c7fa964ba833a2c32b,None,0,0,9.90E+19,21000,1.11E+12,21000,0x,None,None,None,None,None
46370,1438922039,0xba4b5fd92a26badad3cad22eb6f7c7e745053739b5f5d1e8a3afb00f8fb2a280,0xf86a3ea8071f7095c7db8a05ae507a8929dbb876,0x7cd05927fe0aa3b6552db959e7539ae28dcbbdcf,None,0,0,1.10E+16,21000,8.00E+11,21000,0x,None,None,None,None,None
46371,1438922078,0xee1da32e879d5fb90ac26683c8240b845904379b0ea9128acbb9c2513513e88a,0xaf880fc7567d5595cacce15c3fc14c8742c26c9e,0x543807d0af2c58b49d7f25659d0472d4d8b8e8da,None,0,0,3.00E+19,21000,5.00E+11,21000,0x,None,None,None,None,None
46382,1438922185,0xdd7816ae5b88717117a1f2aed21880f8b83021391e214592af69f747e673e8b5,0xfd2605a2bf58fdbb90db1da55df61628b47f9e8c,0xab5199486803893a6dc1ad1d31612895300bcca9,None,0,0,1.00E+16,21000,5.00E+11,21000,0x,None,None,None,None,None
46383,1438922202,0x57932a69f3746d414776c43e0242ced2187a92e8da8dd6511f6efcb6cc6b4947,0x8c6ae7a05a1de57582ae2768204276c0ff47ed03,0x7a19c3c33f2a800b2fa361fd24277cab0a1c1db1,None,0,0,0,21000,5.00E+11,21000,0x,None,None,None,None,None
46384,1438922203,0x181ea250b8fdb3d705d5cabcbdcff25b525b66d38c22e51f69d2301e920d6919,0x805d846fb0bc02a7337226d685be9ee773b9198a,0x3ce9c2078713ec3530f7edfe8c0d9dbf6f0fa5c1,None,0,0,3.00E+21,21000,4.50E+11,21000,0x,None,None,None,None,None
46388,1438922290,0x5f9d4a10f7996d9ca202ee02ab9b39fecdc407aad06da922e8dbe293f80085b0,0x8c6ae7a05a1de57582ae2768204276c0ff47ed03,0x7a19c3c33f2a800b2fa361fd24277cab0a1c1db1,None,0,0,1.00E+18,21000,5.00E+11,21000,0x,None,None,None,None,None
46389,1438922333,0x3993768b76c8c081878f536caa9a8c1e9e63f8943221219cf87c9633af7ac67d,0x0cda12bf72d461bbc479eb92e6491d057e6b5ad1,0x2a3a69c490dd4c3b15959d4df6531d37e4f3e0d6,None,0,0,5.00E+20,22000,5.00E+11,21000,0x,None,None,None,None,None
46390,1438922335,0x2834064f4f1b0bfcdb7ba169e19889804dfdbc0922bf45d723932fbebaa591e7,0x8566610901aace38b83244f3a9c831306a67b9dc,0xf54cd4ea55d233e7175bbbc8d55645ad60c0ea73,None,0,0,1.34E+17,21000,5.00E+11,21000,0x,None,None,None,None,None
46397,1438922403,0x2ecb8ac61545dfc8e191ee9f3dde23b336c8b68e10c69eb2c5b29a813b425aaa,0x4f4a9be10cd5d3fb5de48c17be296f895690645b,0x365b685282c9b242ec345fb64731ecfc4fcb834c,None,0,0,1.00E+22,21000,6.00E+11,21000,0x,None,None,None,None,None
46398,1438922428,0x98ddf49c5b95f4b6ce94c7c570cf99cc918a004daba17f1f4ae0373a8fb9795f,0x805d846fb0bc02a7337226d685be9ee773b9198a,0x3ce9c2078713ec3530f7edfe8c0d9dbf6f0fa5c1,None,0,0,3.00E+21,21000,4.50E+11,21000,0x,None,None,None,None,None
46399,1438922478,0xdccd57b6fc03fca0a124986f7ce748d5642e7bde8773e4daa770f6994582c858,0x07dc8c8b927adbedfa8f5d639b4352351f2f36d2,0xb83b76f35cf6b2149b34ee092b3fc93b7bb54a8d,None,0,0,1.00E+20,21000,5.00E+11,21000,0x,None,None,None,None,None
46400,1438922527,0x01f7583ce239ad19682ccbadb21d69a03cf7be333f4be9c02233874e3f79bf9d,0xf55cdbdf978f539ea4eee0621f7f1a0f9f00f7d9,0x6baf48e1c966d16559ce2dddb616ffa72004851e,None,0,0,5.00E+15,21000,5.00E+11,21000,0x,None,None,None,None,None
46401,1438922533,0x78e67bdd9e0bf6ce3cc6025e2ed9ee6d55828baae8d0c78dde0c1dd9fed0e33d,0xaf880fc7567d5595cacce15c3fc14c8742c26c9e,0x543807d0af2c58b49d7f25659d0472d4d8b8e8da,None,0,0,2.00E+19,21000,5.00E+11,21000,0x,None,None,None,None,None
46402,1438922535,0x6c929e1c3d860ee225d7f3a7addf9e3f740603d243260536dfa2f3cf02b51de4,0xa1e4380a3b1f749673e270229993ee55f35663b4,None,0x9a049f5d18c239efaa258af9f3e7002949a977a0,0,0,0,24000,1.00E+13,24000,0x60606040,Out of gas,None,None,None,None
46403,1438922543,0x8f798ca2400eaa90fef1a700dae338b0f81f2517ca2f181f11754e57aa5b3b82,0xf86a3ea8071f7095c7db8a05ae507a8929dbb876,0x7cd05927fe0aa3b6552db959e7539ae28dcbbdcf,None,0,0,1.00E+20,21000,8.00E+11,21000,0x,None,None,None,None,None
46406,1438922638,0xfbfb230d663b1dd1b4decd1fb983f4aa4990879f06bc11600bef87e0f3304d8d,0xaf880fc7567d5595cacce15c3fc14c8742c26c9e,0x543807d0af2c58b49d7f25659d0472d4d8b8e8da,None,0,0,2.00E+19,21000,5.00E+11,21000,0x,None,None,None,None,None
46409,1438922654,0x9950ffdb159eff6b85b1ab016a4ddd425e7e5d2232d624f2c4c2949dde8485f1,0x6baf48e1c966d16559ce2dddb616ffa72004851e,0xbf8d8b4ec992203984f7379b001e87e6943dd5e3,None,0,0,5.00E+16,21000,5.00E+11,21000,0x,None,None,None,None,None
46411,1438922718,0xdf9cd9ec1836c6e0c4a47b359811180f59a06e534c82f82464fa73035eae938f,0xaf880fc7567d5595cacce15c3fc14c8742c26c9e,0x543807d0af2c58b49d7f25659d0472d4d8b8e8da,None,0,0,2.00E+19,21000,5.00E+11,21000,0x,None,None,None,None,None
46420,1438922865,0xe363505adc6b2996111f8bd774f8653a61d244cc6567b5372c2e781c6c63b737,0x22f2dcff5ad78c3eb6850b5cb951127b659522e6,0x0000000000000000000000000000000000000000,None,0,0,0,23000,5.00E+11,21592,0x432ced04,None,None,None,None,None
46421,1438922897,0xaaf8b3d16ed718848c7bf4c03acb8e8b77c30a128290577055b16ca7edf1e875,0x22f2dcff5ad78c3eb6850b5cb951127b659522e6,0x0000000000000000000000000000000000000000,None,0,0,0,23000,5.00E+11,21592,0x432ced04,None,None,None,None,None
46423,1438922935,0x5a9e14d0806ab9e1d031755dfcab5e808da0b4c7933bc9c055f70614cc11903d,0x22f2dcff5ad78c3eb6850b5cb951127b659522e6,0x0000000000000000000000000000000000000000,None,0,0,0,23000,5.00E+11,21592,0x432ced04,None,None,None,None,None
46426,1438922983,0x934570b14b251a78fa11aa42d61264b7433eb67c16de8af51e385c1f238776d7,0x4bd5f0ee173c81d42765154865ee69361b6ad189,0x18ba9b3c8e3f8ebcb7325737c0f3004397f5b9ac,None,0,0,5.00E+18,23300,5.00E+11,21000,0x,None,None,None,None,None
46438,1438923147,0x9aee4c6644607a6b4a03bb3d385092908902c82e65e4cff0d1b68804010331a1,0xa89ac93b23370472daac337e9afdf642543f3e57,0xb5046cb3dc1dedbd364514a2848e44c1de4ed147,None,0,0,1.00E+19,21000,5.00E+11,21000,0x,None,None,None,None,None
46445,1438923205,0xb7d773a89297896cdaaaa542e362be7424afef00696f59061430067b044706ce,0xa89ac93b23370472daac337e9afdf642543f3e57,0xb5046cb3dc1dedbd364514a2848e44c1de4ed147,None,0,0,1.00E+21,21000,5.00E+11,21000,0x,None,None,None,None,None
46448,1438923283,0x12435cee15f2cbb40311d24beec6872f53633d5e11ebbc2856cabae6ff61b5c5,0x664b099b945b899aac84da69dd6d4eeb3d03c8a3,0xfb75d7e985405567216fd0917eb8bb3b3e63fd48,None,0,0,1.00E+17,21000,8.00E+11,21000,0x,None,None,None,None,None
46450,1438923316,0x4fb4ba87dce647bf43d31d9646fad02b1b026f4acf9e5bc4727444553721a5a2,0xa89ac93b23370472daac337e9afdf642543f3e57,0xb5046cb3dc1dedbd364514a2848e44c1de4ed147,None,0,0,1.00E+21,21000,5.00E+11,21000,0x,None,None,None,None,None
46451,1438923324,0x2d718a798b84d49da5bb6b775a6c214a5e64b88d2e9fe684b9027aff304b5b6f,0xea81ca8638540cd9d4d73d060f2cebf2241ffc3e,0xb0bf4a71f730782368ef660fe6d298f432f95450,None,0,0,3.00E+20,21000,2.60E+12,21000,0x,None,None,None,None,None
46454,1438923335,0xb82ffd79b261e9b50a8b3a05699921ae6884bccad99df77fc3957b93e41afd67,0xcd39cbcf71ff4e9592f94db59db4ff45e34b174f,0x8178414ff0aba7fd5bc60a72cb17e213b371f35c,None,0,0,1.00E+15,23000,5.00E+11,21000,0x,None,None,None,None,None
46456,1438923375,0x6bb78cfd4dda5c68c9367024e4e1b3bd1c2004f48c82ce03560d6934a8b50274,0xa89ac93b23370472daac337e9afdf642543f3e57,0x52de4b32e40ba930679efeb2214357cdf6fec979,None,0,0,1.00E+20,21000,5.00E+11,21000,0x,None,None,None,None,None
46458,1438923466,0xc649366299e2104f9a65d646604a6e23602eb3221677b560f168e0d72da3a992,0x9746c7e1ef2bd21ff3997fa467593a89cb852bd0,0xb0bf4a71f730782368ef660fe6d298f432f95450,None,0,0,5.00E+20,21000,1.05E+12,21000,0x,None,None,None,None,None
46459,1438923510,0xddff881e1f6207ebd84a2635ef2ea2f6669e34186058c83240f480227259c583,0xa89ac93b23370472daac337e9afdf642543f3e57,0xb5046cb3dc1dedbd364514a2848e44c1de4ed147,None,0,0,1.00E+19,21000,5.00E+11,21000,0x,None,None,None,None,None
46460,1438923526,0xeebcf654a2466b472122aca941543bc53d50c29cb4095559ab12cd5c1df75e94,0x9746c7e1ef2bd21ff3997fa467593a89cb852bd0,0xb0bf4a71f730782368ef660fe6d298f432f95450,None,0,0,5.00E+20,21000,1.05E+12,21000,0x,None,None,None,None,None
46461,1438923532,0x1b4d4b219aed1203996290ce51e2068624e747c4a66df6a86420eee866ef1905,0x895ec5545644e0b78330fffab8ddeac9e833156c,0x63b0495e672b1382b1ac7968b02e3b4234fe59dd,None,0,0,5.99E+20,21000,5.00E+11,21000,0x,None,None,None,None,None
46464,1438923627,0xc22bafe6163954c03291b7de4db72a56cdfc12dc0d7c3b80134c939c45ce6bbc,0x0cda12bf72d461bbc479eb92e6491d057e6b5ad1,0xab5199486803893a6dc1ad1d31612895300bcca9,None,0,0,1.00E+16,22000,5.00E+11,21000,0x,None,None,None,None,None
46465,1438923646,0x978279310953f408847c8be4e67ddbafc42692591651c69ef566b355c6cf3d35,0xd3679a47df2d99a49b01c98d1c3e0c987ce1e158,0x4bef38c01bc78be1914bfe8d309adf66a0e6721a,None,0,0,1.80E+20,21000,1.23E+12,21000,0x,None,None,None,None,None
46466,1438923647,0x09abf3b250969ab5a4bc80533f407dfaca950bbfd83395b78ec93562dd55e564,0xa89ac93b23370472daac337e9afdf642543f3e57,0x0000000000000000000000000000000000000000,None,0,0,1.00E+20,21000,5.00E+11,21000,0x,None,None,None,None,None
46468,1438923669,0x1039a9e9cf7271f07e873d362e2f6ae0c39a771914925a9385adca2f60ca6555,0x543807d0af2c58b49d7f25659d0472d4d8b8e8da,0x32be343b94f860124dc4fee278fdcbd38c102d88,None,0,0,1.06E+20,21000,5.00E+11,21000,0x,None,None,None,None,None
46469,1438923693,0xc25862e9f7dbca95fe791905b0e4c6d0c148b0c502340908ae849ee00d81ead1,0x3ce9c2078713ec3530f7edfe8c0d9dbf6f0fa5c1,0x32be343b94f860124dc4fee278fdcbd38c102d88,None,0,0,6.00E+21,21000,5.00E+11,21000,0x,None,None,None,None,None
46470,1438923695,0xa7af255a5a192f110f0338f118e0304bedf016869f8e834a812ea4ad16af7073,0xd2e57181bee0bf25a2e7d377eaccec854bd65334,0x32be343b94f860124dc4fee278fdcbd38c102d88,None,0,0,3.05E+19,21000,5.00E+11,21000,0x,None,None,None,None,None
46471,1438923716,0xf371a994f321da8d36c5799aeadae9991f442b2912e605df59882d95f950a01c,0x7a19c3c33f2a800b2fa361fd24277cab0a1c1db1,0x32be343b94f860124dc4fee278fdcbd38c102d88,None,0,0,9.90E+17,21000,5.00E+11,21000,0x,None,None,None,None,None
46472,1438923718,0x7685b3f4f573a5373d6984a9d8f9886000513d68c55b6675d2b93a74e2b1a1e3,0xc54671b79ffcdc38c550bfc2f43aca4faf8d6f64,0x32be343b94f860124dc4fee278fdcbd38c102d88,None,0,0,9.89E+18,21000,5.00E+11,21000,0x,None,None,None,None,None
46473,1438923720,0x976f33abe1f457755ccf6e85626e36ff3c5176db290fd00ad24a4df807650512,0x81c039692a575005f2f5f26c6f69dba26a8f6408,0x32be343b94f860124dc4fee278fdcbd38c102d88,None,0,0,4.99E+18,21000,5.00E+11,21000,0x,None,None,None,None,None
46474,1438923740,0x152c74539166c517f255e9592dd350ba4ddaa8f00ca98d282af416b917e1b5b7,0x365b685282c9b242ec345fb64731ecfc4fcb834c,0x32be343b94f860124dc4fee278fdcbd38c102d88,None,0,0,1.01E+22,21000,5.00E+11,21000,0x,None,None,None,None,None
46475,1438923762,0x6c88b96f2b0ddb6dc5b7ae936f291606eb73a38d9985e0a8bfb2581322a3e5de,0x7cd05927fe0aa3b6552db959e7539ae28dcbbdcf,0x32be343b94f860124dc4fee278fdcbd38c102d88,None,0,0,1.00E+20,21000,5.00E+11,21000,0x,None,None,None,None,None
46476,1438923763,0x8fa86557cdd765163964d71bb0667667b037bac0fcce9a675358716c6c576333,0xe1f5b8dc9336bc9637ea97c3f3b13cd363f88854,0x32be343b94f860124dc4fee278fdcbd38c102d88,None,0,0,3.00E+21,21000,5.00E+11,21000,0x,None,None,None,None,None
46477,1438923773,0x020d91dee43184f29dcf231eb8f764e6edbb2fc05fb0b7f9bb87505d693420f3,0x529049b336ebfd6df2f059c7fa964ba833a2c32b,0x32be343b94f860124dc4fee278fdcbd38c102d88,None,0,0,1.00E+20,21000,5.00E+11,21000,0x,None,None,None,None,None
46478,1438923821,0xa23dcb26f25438c8c1190ca7a368127ddb0fd75cd2b82f58ff9227f348455d49,0xf86a3ea8071f7095c7db8a05ae507a8929dbb876,0x7cd05927fe0aa3b6552db959e7539ae28dcbbdcf,None,0,0,2.35E+20,21000,8.00E+11,21000,0x,None,None,None,None,None
46479,1438923836,0x779295b06f108ed741d5f4a867b4a65c88cd5cb6d9ddb59d7b10f6e96503f63c,0xb83b76f35cf6b2149b34ee092b3fc93b7bb54a8d,0x32be343b94f860124dc4fee278fdcbd38c102d88,None,0,0,1.01E+20,21000,5.00E+11,21000,0x,None,None,None,None,None
46480,1438923838,0x3984608c0f91c2e2702a268ae784798544680ad9318b9049d68122fed4189ebf,0x9aa9205faa68e731703c633b53fe5af8ece59d38,0x32be343b94f860124dc4fee278fdcbd38c102d88,None,0,0,9.90E+17,21000,5.00E+11,21000,0x,None,None,None,None,None
46481,1438923850,0x6e9d8b2d16bfbf8e75696b363b895beb2d1a627b6e0ea89fda8456cea9065ab9,0xd65f9b9aa7becfd1481bdd7e22527ca0900b7bc8,0x32be343b94f860124dc4fee278fdcbd38c102d88,None,0,0,1.00E+20,21000,5.00E+11,21000,0x,None,None,None,None,None
46482,1438923894,0x0f96f5a17908d767fb9526d68c127c84b8f6cf1e15af53cf534d9e77d4f9e54a,0xcd39cbcf71ff4e9592f94db59db4ff45e34b174f,0x8178414ff0aba7fd5bc60a72cb17e213b371f35c,None,0,0,1.00E+16,21000,5.00E+11,21000,0x,None,None,None,None,None
46483,1438923919,0xbc2dfce83c5423320bdede182bb0491f76d3c33aeb3cba782640e6c954a51deb,0x8566610901aace38b83244f3a9c831306a67b9dc,0x900c0afc99968f30e64a7dee5828042b6422a098,None,0,0,2.00E+20,21000,5.00E+11,21000,0x,None,None,None,None,None
46484,1438923950,0x23d637ad2dcca28a66f21ce40f6733b8fd9449900e3ea28377becf83578c2133,0x0cda12bf72d461bbc479eb92e6491d057e6b5ad1,0xab5199486803893a6dc1ad1d31612895300bcca9,None,0,0,1.00E+21,22000,5.00E+11,21000,0x,None,None,None,None,None
46485,1438923997,0x983d8a7329eb37c88a4d74d9c8eabbc3026c66df1fdd5c0a7e86ad055d64052e,0x2a3a69c490dd4c3b15959d4df6531d37e4f3e0d6,0xf6e1652a0397e078f434d6dda181b218cfd42e09,None,0,0,1.00E+16,21000,5.00E+11,21000,0x,None,None,None,None,None
46486,1438924016,0x0525cb55f61b71d94a539cbe0148287161d56dd8753350193ee95624f815c908,0xa89ac93b23370472daac337e9afdf642543f3e57,0xb5046cb3dc1dedbd364514a2848e44c1de4ed147,None,0,0,1.00E+21,21000,5.00E+11,21000,0x,None,None,None,None,None
46487,1438924018,0x03b59e5cbee8a3b3b9c80e24e6edfa968a3f486fdbb529af15b4d3931579f330,0x47ff6576639c2e94762ea5443978d7681c0e78dc,0xed17ea8e9fd42159037dee95ea173a56c54f55ce,None,0,0,1.25E+20,21000,5.00E+11,21000,0x,None,None,None,None,None
46493,1438924072,0x6e86b536c693e734582beea70455fdb462f7405c9ca76e4b70c0196682b70fdc,0xed17ea8e9fd42159037dee95ea173a56c54f55ce,0x32be343b94f860124dc4fee278fdcbd38c102d88,None,0,0,1.25E+20,21000,5.00E+11,21000,0x,None,None,None,None,None
46494,1438924090,0xce4b3f87496555b2bfc436dd7c0d9c2f4d69777cfd079eac9075978df6b6b971,0xa89ac93b23370472daac337e9afdf642543f3e57,0xb5046cb3dc1dedbd364514a2848e44c1de4ed147,None,0,0,1.00E+21,21000,5.00E+11,21000,0x,None,None,None,None,None
46496,1438924107,0x607d6c44a23ee2d2c1958d544cd02cfe56689f043e534824e45fcaeb6337980e,0x22f2dcff5ad78c3eb6850b5cb951127b659522e6,0x0000000000000000000000000000000000000000,None,0,0,0,25000,5.00E+11,23192,0xbe99a980,None,None,None,None,None
46504,1438924201,0x46b5876b7b3b9949ccafee52e2567c3165f6a99a8f00c9db5d87a2f49a782a19,0xa89ac93b23370472daac337e9afdf642543f3e57,0xb5046cb3dc1dedbd364514a2848e44c1de4ed147,None,0,0,1.00E+21,21000,5.00E+11,21000,0x,None,None,None,None,None
46506,1438924206,0x9fd830e16da473bb4a551a2d24fe90351fa663e129c2908e1df28bb5c621b375,0x39d4a931402c0c79c457186f24df8729cf957031,0xe1f5b8dc9336bc9637ea97c3f3b13cd363f88854,None,0,0,1.00E+21,25000,5.00E+11,21000,0x,None,None,None,None,None
46507,1438924235,0x6e238f1413997a54309f955f9fd6d37043cf8431b55458b324d896c3a1a07004,0xa89ac93b23370472daac337e9afdf642543f3e57,0xb5046cb3dc1dedbd364514a2848e44c1de4ed147,None,0,0,1.00E+21,21000,5.00E+11,21000,0x,None,None,None,None,None
46508,1438924276,0xf11284489d17ab4364f73a5e39e39513cd8d04d44feb48d3469496bfc1ca0571,0xe1f5b8dc9336bc9637ea97c3f3b13cd363f88854,0x32be343b94f860124dc4fee278fdcbd38c102d88,None,0,0,1.00E+21,21000,5.00E+11,21000,0x,None,None,None,None,None
46509,1438924293,0x2bc6b236843d6754b1129aad5eab17e5fc786045a6ba4718d0e5a1665f2ad137,0x8566610901aace38b83244f3a9c831306a67b9dc,0x900c0afc99968f30e64a7dee5828042b6422a098,None,0,0,3.00E+21,21000,5.00E+11,21000,0x,None,None,None,None,None
46517,1438924394,0x242080fa524ad44b04d17c69c8d009b8821e31b236661027c409f4334fc9a0e3,0x87898ce53471043fcca0a2af4e1dc6d8b3fcf607,0xbfdd9820a04283b289957956353b5f3c1f665ecf,None,0,0,1.00E+20,21000,5.00E+11,21000,0x,None,None,None,None,None
46525,1438924546,0xa04f4689697b2e2d33eef2559e1a20db8c6710bbd112601a19f05af7cd08c35d,0x900c0afc99968f30e64a7dee5828042b6422a098,0x32be343b94f860124dc4fee278fdcbd38c102d88,None,0,0,3.20E+21,21000,5.00E+11,21000,0x,None,None,None,None,None
46526,1438924555,0x84fa473a81fa335b7618a3d6dc62a3a0bdda2ff514c98491372891064b7ef890,0xbfdd9820a04283b289957956353b5f3c1f665ecf,0x32be343b94f860124dc4fee278fdcbd38c102d88,None,0,0,1.00E+20,21000,5.00E+11,21000,0x,None,None,None,None,None
46528,1438924597,0x7984e7cf2dcf69b6bbec4a44c6957edf8d6ecd3fd3dda74c6e007ec22374b64d,0xd7e30ae310c1d1800f5b641baa7af95b2e1fd98c,0xf7b8418409f2a9de568a4bcbd93d7e26d70509ae,None,0,0,1.00E+18,21000,1.00E+12,21000,0x,None,None,None,None,None
46531,1438924658,0x4a2042dd817031297440b8f419752aa8546237bf826b440cadf38eeccb7444bc,0x0785a86be9c2d68dbaebaf1db72641680529e2fd,0xe1f5b8dc9336bc9637ea97c3f3b13cd363f88854,None,0,0,1.69E+20,25000,5.00E+11,21000,0x,None,None,None,None,None
46538,1438924762,0x8baad833275a0083dd2a79a934e4d6d8ffeb2058d8625f8705230b74e7e904c8,0x31ed858788bda4d5270992221cc04206ec62610d,0x7cd05927fe0aa3b6552db959e7539ae28dcbbdcf,None,0,0,1.18E+21,21000,8.01E+11,21000,0x,None,None,None,None,None
46539,1438924780,0x4ef61f767c2813b7521c2d22d467c31f46b937efca7d737fea0932827406576e,0x4bd5f0ee173c81d42765154865ee69361b6ad189,0x18ba9b3c8e3f8ebcb7325737c0f3004397f5b9ac,None,0,0,9.50E+19,23300,5.00E+11,21000,0x,None,None,None,None,None
46540,1438924791,0x674d28932a8540fc43b9364625085420ace66fde6f0ba26a2a64c82c0ad7e8b8,0x4ea56e1112641c038d0565a9c296c463afefc17e,0xb583f9403de6c5b2c83d7e2de9928331176071b8,None,0,0,1.00E+18,21000,5.00E+11,21000,0x,None,None,None,None,None
46541,1438924804,0x17e032344507c8c41e03b638a982257b2f77d0021572564ce73a711be516566a,0x7cd05927fe0aa3b6552db959e7539ae28dcbbdcf,0x32be343b94f860124dc4fee278fdcbd38c102d88,None,0,0,2.35E+20,21000,5.00E+11,21000,0x,None,None,None,None,None
46546,1438924949,0xb0ca13bb26ae7e984cdc401dcc772ce338cdf32540a5c9d2aef08c92f96266de,0x895ec5545644e0b78330fffab8ddeac9e833156c,0x63b0495e672b1382b1ac7968b02e3b4234fe59dd,None,0,0,9.79E+17,21000,5.00E+11,21000,0x,None,None,None,None,None
46549,1438925016,0x09cdfce8de734bc2c716a7f0a18d025d49bc0eac4c3de948fed65d9dd9f8b055,0xd0c34376f4b5ae34e062c043f736f1304b153544,0x835cfb953639abab9f2612b8d92c997771ae6312,None,0,0,1.00E+18,21000,1.12E+12,21000,0x,None,None,None,None,None
46551,1438925080,0x4179c296682b172e807ac41343968762488034913460f18ce96508fdb2eeb515,0xab265e840933431739e8be901b21785aab7d28be,0xf9a19aea1193d9b9e4ef2f5b8c9ec8df93a22356,None,0,0,1.00E+18,21000,5.00E+11,21000,0x,None,None,None,None,None
46552,1438925096,0xb8b8d0810a910dc430df67bb7b2708af223b7ddfa42eb4e900b4b8549038961a,0x7cd05927fe0aa3b6552db959e7539ae28dcbbdcf,0x32be343b94f860124dc4fee278fdcbd38c102d88,None,0,0,1.17E+21,21000,4.47E+11,21000,0x,None,None,None,None,None
46554,1438925136,0x85e4a08b2033222d8900552d2da73fc04d7f9aef2f73de1a13b0c5a63b5ec915,0xff68c2f39c4e7fe2f92c2dc2f8615b1bf070e0fa,0x0000000000000000000000000000000000000000,None,0,0,1.40E+19,21000,4.19E+11,21000,0x,None,None,None,None,None
46560,1438925305,0x53ae70f1960ca3223d174ef138c1bee705eabfb1a1810c549a617d4776607fd9,0xd7e30ae310c1d1800f5b641baa7af95b2e1fd98c,0x4019b21f3db1f288414ac180f3ea63315b12a7ac,None,0,0,1.00E+18,21000,5.00E+11,21000,0x,None,None,None,None,None
46561,1438925333,0x21ec7de9c0fac42d8fc362da7b623d6ca336db1ac8aa84ac1141c8ab99e7a4e4,0x0cda12bf72d461bbc479eb92e6491d057e6b5ad1,0xe1237d552429cc333ffd3038fc3ba3441d0b7dde,None,0,0,1.00E+16,22000,4.50E+11,21000,0x,None,None,None,None,None
46570,1438925489,0x14275f36143c520ec12667bb9ea2fc148262ac616e205ee82ff6e6f7fe564045,0x87898ce53471043fcca0a2af4e1dc6d8b3fcf607,0xbfdd9820a04283b289957956353b5f3c1f665ecf,None,0,0,9.18E+19,21000,3.81E+11,21000,0x,None,None,None,None,None
46572,1438925509,0xd0cffd83be1c5df00905a4b33a0d79827b25e9d056f5ed5ae3de2b5980618ead,0x9c7862898230b22f4b89df6a6bb2e981cbed1974,0xe6a7a1d47ff21b6321162aea7c6cb457d5476bca,None,0,0,2.00E+19,21000,3.58E+11,21000,0x,None,None,None,None,None
46575,1438925587,0xdc1c2cc2bdc83fc131798e94f63e6160afc59f6ea43352feb7d43a97a657f634,0x4bd5f0ee173c81d42765154865ee69361b6ad189,0xfd7c9117bbeb649d9b37b3d3c9917f7c12f526b3,None,0,0,5.00E+18,23300,5.00E+11,21000,0x,None,None,None,None,None
46576,1438925600,0xda567a2493c571271b3428040e72b37df0988d516b8d0d8f229b341225562931,0x63b0495e672b1382b1ac7968b02e3b4234fe59dd,0x32be343b94f860124dc4fee278fdcbd38c102d88,None,0,0,6.00E+20,21000,4.00E+11,21000,0x,None,None,None,None,None
46577,1438925641,0x319101fc77263d49f8ce4369c76ee8faa3146fc65368a99c34d31c345fd4e727,0xa89ac93b23370472daac337e9afdf642543f3e57,0x92c27672fe65e002159ec2597fcf8897adbf5b29,None,0,0,1.00E+19,21000,3.58E+11,21000,0x,None,None,None,None,None
46582,1438925690,0x4ca868e32327f3e1a2b904f5c08f6fa6777d4af2b4f467d9b70f446cc1a4bf1e,0xa89ac93b23370472daac337e9afdf642543f3e57,0x92c27672fe65e002159ec2597fcf8897adbf5b29,None,0,0,1.00E+19,21000,3.40E+11,21000,0x,None,None,None,None,None
46586,1438925782,0x23c55db814f335f9354de1fd540c939700c6faa3884a7272178962ca21e4dddc,0x0cda12bf72d461bbc479eb92e6491d057e6b5ad1,0x8dda5e016e674683241bf671cced51e7239ea2bc,None,0,0,1.00E+16,22000,4.50E+11,21000,0x,None,None,None,None,None
46591,1438925929,0x17785f8ff3b9fb476e270bd7e1eee1c328ccfdc2e17dc3da168df9c15856182e,0xccf7110d1bd9a74bfd1d7d7d2d9d55607e7b837d,0x3dfe98a9cebaa3c6901e643b50271d3c1a3e4c17,None,0,0,3.43E+20,21000,2.81E+11,21000,0x,None,None,None,None,None
46605,1438926117,0xba57b383ed11b56f4b353c003cfbd79823bc149270ae0d2be7f2b68f7a700b08,0xf9d5c39f787349c66b088010fd99a29bd5a38989,0x3f5cd2b711eaf2131237650c2eb03732f1bea2cd,None,0,0,3.00E+18,21000,1.15E+12,21000,0x,None,None,None,None,None
46610,1438926244,0xf0bdbbf0f0c87a8ae0d62b2864a9c97eff86e59a94dc18099d8cf4a2aa12742f,0xf9d5c39f787349c66b088010fd99a29bd5a38989,0x3f5cd2b711eaf2131237650c2eb03732f1bea2cd,None,0,0,3.08E+19,21000,1.21E+12,21000,0x,None,None,None,None,None
46620,1438926421,0xb9d97b66190ddb44f0d80b238e139dc60cef929c26485452780ba4afe7bec493,0x36d85dc3683156e63bf880a9fab7788cf8143a27,0xde72e29d65eaabbd236b21c1d59a486c19abdad5,None,0,0,1.00E+20,21000,3.00E+11,21000,0x,None,None,None,None,None
46623,1438926453,0x0f496d84a362e31fe162700da8cd5c608adb00d92b071aa37d0f684a76a96760,0x36d85dc3683156e63bf880a9fab7788cf8143a27,0xde72e29d65eaabbd236b21c1d59a486c19abdad5,None,0,0,3.00E+21,21000,3.00E+11,21000,0x,None,None,None,None,None
46631,1438926541,0xb7f99387e8db936cea3b34a288c8237f4504932842417217a86be35ebc52521e,0x0a63e1a8c33e351679e3581ac84ce341c32f813a,0x4eaf4cadd87499c20ba3412b1d222f9a72da7aff,None,0,0,1.00E+19,21000,1.17E+12,21000,0x,None,None,None,None,None
46639,1438926645,0x1762d5d354f323648dab357cb85fac637a78ec6a8dbb4fa7da1e0373650313d1,0x0a63e1a8c33e351679e3581ac84ce341c32f813a,0x0000000000000000000000000000000000000000,None,0,0,0,27957,1.21E+12,21784,0x432ced04,None,None,None,None,None
46640,1438926655,0xcba6978097c771bf983a7d877ffdd905cd9abc3a366e42ef194e5907b5e6842a,0x64be1c1a0198370f53b2081e15478be3135d6bef,0x90ca42f0308bf15db201f40e41faa6dd7a96bea7,None,0,0,1.00E+19,22000,1.90E+11,21000,0x,None,None,None,None,None
46646,1438926786,0xca302d2cd09b2ace9073734a37a14fbb479ff234f81e3e73d451be374d58c7d3,0x0cda12bf72d461bbc479eb92e6491d057e6b5ad1,0x475351efe1d9cf36276ff2b7ae1d38bdb072e22c,None,0,0,1.00E+16,22000,4.50E+11,21000,0x,None,None,None,None,None
46647,1438926806,0x6d1e7f3d0503a0b796728610f8fbe678a36f4781c6d1dec74a1ce0f5afe8591e,0xf06d9ad3b665226845a219edad87696fce2fb88e,0xd1f647c106b7c9ed6fdb157979744c4acf521a40,None,0,0,1.00E+18,21000,3.00E+11,21000,0x,None,None,None,None,None
46648,1438926829,0x14e02d1c9e9377b5de379c3eb0154acb81a2f3ae9a6d625895916795fb2dd6eb,0xe1f5b8dc9336bc9637ea97c3f3b13cd363f88854,0x32be343b94f860124dc4fee278fdcbd38c102d88,None,0,0,1.69E+20,21000,59976131477,21000,0x,None,None,None,None,None
46649,1438926840,0x55810e46e4802d8f13c80a71d79a284030d26b98c5759e7b162c30c19e0f997d,0xb0bf4a71f730782368ef660fe6d298f432f95450,0x32be343b94f860124dc4fee278fdcbd38c102d88,None,0,0,1.30E+21,21000,59399760853,21000,0x,None,None,None,None,None
46650,1438926852,0x91847a81ad0561b2ad83e1bc8bfd01a2162a12d0ba12d8aea8e2c71fe5d398e3,0x4bef38c01bc78be1914bfe8d309adf66a0e6721a,0x32be343b94f860124dc4fee278fdcbd38c102d88,None,0,0,1.80E+20,21000,59976131477,21000,0x,None,None,None,None,None
46651,1438926854,0x094875b223d90896a64f02ce6103f893dc8cc39a5aaef27cf32c8a4509a9ba1f,0xfd7c9117bbeb649d9b37b3d3c9917f7c12f526b3,0x32be343b94f860124dc4fee278fdcbd38c102d88,None,0,0,5.00E+18,21000,59976131477,21000,0x,None,None,None,None,None
46652,1438926866,0xb446e2f6b9d3975f95c4c1b37555424e74a4e55556fb9037f682d1210b02c2fe,0xf9a19aea1193d9b9e4ef2f5b8c9ec8df93a22356,0x32be343b94f860124dc4fee278fdcbd38c102d88,None,0,0,9.99E+17,21000,58776657361,21000,0x,None,None,None,None,None
46653,1438926889,0x55ecea4a54b4466f5a69104740ff21ff2b4da2e4407584a9648249c3dfe9b1da,0xfb75d7e985405567216fd0917eb8bb3b3e63fd48,0x664b099b945b899aac84da69dd6d4eeb3d03c8a3,None,0,0,8.30E+16,21000,6.00E+11,21000,0x,None,None,None,None,None
46655,1438926897,0x4ecce3554123e3d3c7812d5ccd9713a39690a1a6c047eb0483b4242d6e088d41,0x90ca42f0308bf15db201f40e41faa6dd7a96bea7,0x32be343b94f860124dc4fee278fdcbd38c102d88,None,0,0,1.00E+19,21000,58776657361,21000,0x,None,None,None,None,None
46656,1438926922,0xd244a4c9e4a03345c6cacb3a04d4507459cade4691354e5b2546536ac71042bb,0x4019b21f3db1f288414ac180f3ea63315b12a7ac,0x32be343b94f860124dc4fee278fdcbd38c102d88,None,0,0,9.99E+17,21000,58776657361,21000,0x,None,None,None,None,None
46657,1438926928,0xbcd46c6c6befc4c6ecf234c3385a1caea6601688105fcc7c48037c80d7414613,0x4eaf4cadd87499c20ba3412b1d222f9a72da7aff,0x32be343b94f860124dc4fee278fdcbd38c102d88,None,0,0,1.00E+19,21000,58776657361,21000,0x,None,None,None,None,None
46658,1438926973,0x63aee8218b75d383ec6f62c7f8cc769a49a8e122437eb3fd14c8e2f2a826ef39,0xdb0cc78f74d9827bdc8a6473276eb84fdc976212,0xc48f021f2eff67461bf802f15420b0a08ff158da,None,0,0,1.00E+18,21000,1.18E+12,21000,0x,None,None,None,None,None
46660,1438927035,0xf5652204776e889042eed362423485b1bca756565f5470bf9f3aa3cba7aeccad,0x821eb90994a2fbf94bdc3233910296f76f9bf6e7,0x17f8255f73211f9129a7e93250e8b7df5d7f752d,None,0,0,2.00E+21,21000,3.00E+11,21000,0x,None,None,None,None,None
46661,1438927113,0xd1584b187a1842c9f3616803e3ef26e1755073186d44af9b7b78cb4fee4b0693,0xd1f647c106b7c9ed6fdb157979744c4acf521a40,0x32be343b94f860124dc4fee278fdcbd38c102d88,None,0,0,9.99E+17,21000,55436599178,21000,0x,None,None,None,None,None
46662,1438927142,0x45cbf2528db560394a42126cab7500c39a64f39c0e92e2dfb11a43539a745c39,0x4bd5f0ee173c81d42765154865ee69361b6ad189,0xfd7c9117bbeb649d9b37b3d3c9917f7c12f526b3,None,0,0,9.50E+19,23300,5.00E+11,21000,0x,None,None,None,None,None
46664,1438927166,0xcc0e26052aed89450d3500ac6d3bc2c4ffa91db26e81eaf85a1345b0c98bb0a7,0xa89ac93b23370472daac337e9afdf642543f3e57,0x92c27672fe65e002159ec2597fcf8897adbf5b29,None,0,0,1.00E+19,21000,1.59E+11,21000,0x,None,None,None,None,None
46665,1438927168,0x27154ff04a38e92a6340182fdddd63d0f1fb5c053b948a88e32780289d322b14,0x6331fc207bfc3aabded887b553e5cd9898c8f801,0x32be343b94f860124dc4fee278fdcbd38c102d88,None,0,0,5.00E+20,21000,55436599178,21000,0x,None,None,None,None,None
46666,1438927172,0x7060b08cc094745df91cfb183c31afc2640150c20f8b8362b667f742abd54a91,0x94d700b9157ffb28d39937b60317865d060bb2f2,0xb4f6a8f7cd91cd4bcadcc0a20e417c392e5f50a4,None,0,0,1.30E+19,21000,1.56E+11,21000,0x,None,None,None,None,None
46667,1438927177,0x862bef9bc9426579fac62c4dca13d321766aaf5a54c6a296ed4e99127e078974,0xde72e29d65eaabbd236b21c1d59a486c19abdad5,0x32be343b94f860124dc4fee278fdcbd38c102d88,None,0,0,3.10E+21,21000,58776657361,21000,0x,None,None,None,None,None
46668,1438927180,0x223d8ca6e3c5402a31cc4bf88b198688110b75daf94bc8afd821b9b1de1e478d,0x92c27672fe65e002159ec2597fcf8897adbf5b29,0x32be343b94f860124dc4fee278fdcbd38c102d88,None,0,0,2.00E+19,21000,58206523784,21000,0x,None,None,None,None,None
46669,1438927183,0xa29c8d598d837c9b06251d5ea2c3d4dbf2836a074aef219e41634960b4d21c1a,0xfd2605a2bf58fdbb90db1da55df61628b47f9e8c,0x04b0aeb6048ba81523ecf83b50f72bb691c5ee88,None,0,0,1.00E+17,21000,56356863167,21000,0x,None,None,None,None,None
46670,1438927188,0x9890f72c07dd764ce6b9bf0791ed18b1bfef629e3be7c633dfef3e2346835742,0xb583f9403de6c5b2c83d7e2de9928331176071b8,0x32be343b94f860124dc4fee278fdcbd38c102d88,None,0,0,9.99E+17,21000,55436599178,21000,0x,None,None,None,None,None
46672,1438927207,0xbac662974e392c2bdbf2ad25427f69076dece2cafdcdf27850f15af86437669f,0x4bd5f0ee173c81d42765154865ee69361b6ad189,0xfd7c9117bbeb649d9b37b3d3c9917f7c12f526b3,None,0,0,1.00E+19,23300,2.00E+13,21000,0x,None,None,None,None,None
46673,1438927208,0x6c156b4221457f189ebf0199105c9f93017efab760f127aee9a5231d8a3d9ca8,0xbfdd9820a04283b289957956353b5f3c1f665ecf,0x32be343b94f860124dc4fee278fdcbd38c102d88,None,0,0,9.18E+19,21000,55683478746,21000,0x,None,None,None,None,None
46674,1438927226,0x0032b72394dbffbe23626714abab9d23f6d3fb893470da7e040523b7c26c86b2,0x92c27672fe65e002159ec2597fcf8897adbf5b29,0x32be343b94f860124dc4fee278fdcbd38c102d88,None,0,0,1.00E+19,21000,60116760988,21000,0x,None,None,None,None,None
46677,1438927258,0x6c61bef12cc59c4d120cf718182758dce6d69f4a147451dc4409d85d1fd2dca0,0xa89ac93b23370472daac337e9afdf642543f3e57,0x92c27672fe65e002159ec2597fcf8897adbf5b29,None,0,0,3.00E+21,21000,1.31E+11,21000,0x,None,None,None,None,None
46678,1438927293,0x602ab9ce7dd4e64ad5990ab62cb3defca9fbec76fded6d99f41833f21cf70e8f,0xa89ac93b23370472daac337e9afdf642543f3e57,0x92c27672fe65e002159ec2597fcf8897adbf5b29,None,0,0,7.49E+20,21000,1.30E+11,21000,0x,None,None,None,None,None
46679,1438927312,0xe9c3aca0b19ecaf484af3da8913ddbf29886dd26c8195748063856a643ad55f4,0x94d700b9157ffb28d39937b60317865d060bb2f2,0xb4f6a8f7cd91cd4bcadcc0a20e417c392e5f50a4,None,0,0,2.00E+17,28000,1.29E+11,21000,0x,None,None,None,None,None
46680,1438927322,0x7c5660d480a06b6993381b695afe6dfca8572a0819c9d2f51958863567789900,0xfd7c9117bbeb649d9b37b3d3c9917f7c12f526b3,0x32be343b94f860124dc4fee278fdcbd38c102d88,None,0,0,9.50E+19,21000,60116760988,21000,0x,None,None,None,None,None
46681,1438927365,0xb928475fb9f73df1edacf8a16db83a623c2f05d418ee0e9871c65f442c2c6ba0,0x8dda5e016e674683241bf671cced51e7239ea2bc,0x0cda12bf72d461bbc479eb92e6491d057e6b5ad1,None,0,0,1.00E+12,22000,4.50E+11,21000,0x,None,None,None,None,None
46682,1438927371,0x8880b178ec17dc5e14ada31fc0bfc488462e8bf193b2e71c3bf9590c79505c30,0xc1cdc601f89c0428b31302d187e0dc08ad7d1c57,0x006331fc207bfc3aabded887b553e5cd9898c8f1,None,0,0,3,21001,58039008293,21000,0x,None,None,None,None,None
46683,1438927378,0x035df2867c461caf23cfa9be13386dc7c2d4d3d2cb6ace907926f9066d4c735d,0x9746c7e1ef2bd21ff3997fa467593a89cb852bd0,0xb0bf4a71f730782368ef660fe6d298f432f95450,None,0,0,2.00E+21,21000,57960275839,21000,0x,None,None,None,None,None
46684,1438927387,0x75332bab0373211228d852c2057d5da3ba476c337a6d490fd6d37ed802c8cf14,0x92c27672fe65e002159ec2597fcf8897adbf5b29,0x32be343b94f860124dc4fee278fdcbd38c102d88,None,0,0,3.00E+21,21000,56603833049,21000,0x,None,None,None,None,None
46685,1438927408,0x10893338fa5633ab747450b8698457fb047098f87f78e98b3dbee3134067b6b8,0x08166f02313feae18bb044e7877c808b55b5bf58,0xad00b7a324f31351d397408c8c3952ea198317eb,None,0,0,5.00E+18,21000,5.00E+11,21000,0x,None,None,None,None,None
46686,1438927411,0x3ce4b7af9264d6b278871aa286cd2a497754516358c17d8f5283e876a43ecd63,0xf06d9ad3b665226845a219edad87696fce2fb88e,0xa627e8dcbeffa8d3f027715040fcb93a30890a53,None,0,0,1.00E+18,21000,3.00E+11,21000,0x,None,None,None,None,None
46687,1438927424,0x70b6d61ce19489fb1908d91a2ad3d2599239dba1070a3d8fd2cb0deba513f861,0xf90b585a1e878ee18838b2688687e670bcf29d35,0xbc91527b31fbbe397f91c2b9273ea32b0d9a19a0,None,0,0,1.61E+20,22000,57669122104,21000,0x,None,None,None,None,None
46689,1438927447,0xe41271a0af3a97b25196ba4f8cd167cbf0bf3cdd35a33872c216e5547b158a03,0xad00b7a324f31351d397408c8c3952ea198317eb,0x32be343b94f860124dc4fee278fdcbd38c102d88,None,0,0,5.00E+18,21000,56919404273,21000,0x,None,None,None,None,None
46690,1438927448,0x37900a003b8efb860a9b4be5ad84a8ecf5677a6cbb53196d9c91216e5ad71b8a,0xdb0cc78f74d9827bdc8a6473276eb84fdc976212,0xc48f021f2eff67461bf802f15420b0a08ff158da,None,0,0,1.13E+18,21000,1.16E+12,21000,0x,None,None,None,None,None
46691,1438927486,0x4128bddd4347f229326be6c92601869316cb04b95d58e11bdcdbc0c5f054bd3f,0x94d700b9157ffb28d39937b60317865d060bb2f2,0xb4f6a8f7cd91cd4bcadcc0a20e417c392e5f50a4,None,0,0,7.00E+16,28000,1.13E+11,21000,0x,None,None,None,None,None
46692,1438927506,0x21219c2b76aaff1e9f40f4c5b917ff0ae22eeee4065a7f0f70d3eb8f06e21839,0xb0bf4a71f730782368ef660fe6d298f432f95450,0x32be343b94f860124dc4fee278fdcbd38c102d88,None,0,0,2.00E+21,21000,56919404273,21000,0x,None,None,None,None,None
46693,1438927527,0xcdbcda2e1d92235e4fa2a127e7ec7d3e7c6a8269575aa0b06c3b7373ad739d50,0xfd7c9117bbeb649d9b37b3d3c9917f7c12f526b3,0x32be343b94f860124dc4fee278fdcbd38c102d88,None,0,0,1.00E+19,21000,56300690348,21000,0x,None,None,None,None,None
46694,1438927533,0xe6af5e4f65f27c40d8925ed9b1d686650eab0879cf3b0b8aa13a2bfefb26fc21,0x17f8255f73211f9129a7e93250e8b7df5d7f752d,0x32be343b94f860124dc4fee278fdcbd38c102d88,None,0,0,2.00E+21,21000,56300690348,21000,0x,None,None,None,None,None
46695,1438927550,0xcdb7c775cce2331b75782f3f3d2736c358dbb3f79829f6fa4d3aaba480bde25f,0x835cfb953639abab9f2612b8d92c997771ae6312,0x32be343b94f860124dc4fee278fdcbd38c102d88,None,0,0,9.99E+17,21000,55436599178,21000,0x,None,None,None,None,None
46696,1438927577,0xb24ee41e9dcddd2ffe8aca0cefff17a1bf47dc8cdab1eb83e92bdaa5d8a16653,0x92c27672fe65e002159ec2597fcf8897adbf5b29,0x32be343b94f860124dc4fee278fdcbd38c102d88,None,0,0,7.49E+20,21000,58849481874,21000,0x,None,None,None,None,None
46697,1438927609,0x5b7eaec7999942e10c30e093d0c9ee0db48a6ca0b0032227aae2e38ebf0cc84c,0xbc91527b31fbbe397f91c2b9273ea32b0d9a19a0,0x32be343b94f860124dc4fee278fdcbd38c102d88,None,0,0,1.61E+20,21000,58849481874,21000,0x,None,None,None,None,None
46700,1438927702,0xa97f58d6672697aaa3751fc678456ad6196a95e0bb928ecb83bc2d7dde39c1fd,0x0cda12bf72d461bbc479eb92e6491d057e6b5ad1,0xe1237d552429cc333ffd3038fc3ba3441d0b7dde,None,0,0,3.00E+21,22000,4.50E+11,21000,0x,None,None,None,None,None
46709,1438927854,0x10d5c5f2386c6d6d93ca6b43fa25e8679971d07448db8d6c81d856ff3c3c001a,0x08166f02313feae18bb044e7877c808b55b5bf58,0xad00b7a324f31351d397408c8c3952ea198317eb,None,0,0,1.96E+21,21000,5.00E+11,21000,0x,None,None,None,None,None
46710,1438927867,0x8f7226abeaabfc2723c980ba9aeacb88c95790ea59f4149057469a09c5388074,0xa0a0e65204541fca9b2fb282cd95138fae16f809,0x3b4af94c39e87281410a3b5cf880b4a647459363,None,0,0,1.00E+17,21000,54736110319,21000,0x,None,None,None,None,None
46715,1438927993,0x18d29bac2a8a03b74cdcdcb10a8b2bfa9d6f648c15b0dbddc4ca82edd5646819,0xa08d215b5b6aac4861a281ac7e400b78fef04cbf,0x7e1f96de76715323e90cf5138ea516ad8528d407,None,0,0,3.00E+18,27000,56951874094,21000,0x,None,None,None,None,None
46718,1438928066,0x4ef79d257143fe6fd154b76c97f40f2ec3ede7a2d927d73b614cee61ae9d94de,0xa08d215b5b6aac4861a281ac7e400b78fef04cbf,0x7e1f96de76715323e90cf5138ea516ad8528d407,None,0,0,2.97E+20,27000,55350802722,21000,0x,None,None,None,None,None
46720,1438928083,0xee006325725ae670888b5ac230f1835d4193746e74da804f18a0d743ce980ae3,0xad00b7a324f31351d397408c8c3952ea198317eb,0x32be343b94f860124dc4fee278fdcbd38c102d88,None,0,0,1.96E+21,21000,55033867879,21000,0x,None,None,None,None,None
46721,1438928088,0x059240ec8bda563d278337b0d7fc44819801ae767deec49dae8a1f70d4e171ff,0xa0a0e65204541fca9b2fb282cd95138fae16f809,0x3b4af94c39e87281410a3b5cf880b4a647459363,None,0,0,1.00E+18,21000,61011106028,21000,0x,None,None,None,None,None
46722,1438928100,0x6e4774055cd353c0f014f2c4fe52f4471df5c3a2b3ac23f474465ba09d982f18,0x1c257ad4a55105ea3b58ed374b198da266c85f63,0x439632734cdf5a84774156c1938cbede2ef398f0,None,0,0,5.00E+18,21000,1.19E+12,21000,0x,None,None,None,None,None
46723,1438928124,0xdbd74787163f074a366213cd7410624113d75a6eb4ebde14a5df14eb50e51129,0x9746c7e1ef2bd21ff3997fa467593a89cb852bd0,0xb0bf4a71f730782368ef660fe6d298f432f95450,None,0,0,2.00E+21,21000,54822244416,21000,0x,None,None,None,None,None
46724,1438928152,0xe2c3b4462c170c8770d7cbc8f312f4337aabdaf8636e223d5fdf40780ad3d27f,0x7e1f96de76715323e90cf5138ea516ad8528d407,0x32be343b94f860124dc4fee278fdcbd38c102d88,None,0,0,3.00E+20,21000,57927542120,21000,0x,None,None,None,None,None
46725,1438928206,0xb67212efd78edda1f809813800dab4d8b24db6af257164874a5c31a60745d2f4,0x3b4af94c39e87281410a3b5cf880b4a647459363,0x32be343b94f860124dc4fee278fdcbd38c102d88,None,0,0,1.10E+18,21000,57927542120,21000,0x,None,None,None,None,None
46726,1438928224,0x68d4a64d9b1adba5f4ce0224e32a7365e967793bb0126df2c64cdf45b8add09e,0x0cda12bf72d461bbc479eb92e6491d057e6b5ad1,0x8dda5e016e674683241bf671cced51e7239ea2bc,None,0,0,1.00E+21,22000,4.50E+11,21000,0x,None,None,None,None,None
46727,1438928226,0x4ea0cd48e754008d4d783b73fd2d4a945e678e32a05fcb073beda5c4ec94f9b5,0xf06d9ad3b665226845a219edad87696fce2fb88e,0x3b2367f8494b5fe18d683c055d89999c9f3d1b34,None,0,0,1.00E+18,21000,3.00E+11,21000,0x,None,None,None,None,None
46729,1438928259,0x8330121ebc298d73f3ea99d649c21445ce5daa60e14b5191acee5f3711893fb5,0x821eb90994a2fbf94bdc3233910296f76f9bf6e7,0x17f8255f73211f9129a7e93250e8b7df5d7f752d,None,0,0,2.00E+21,21000,3.00E+11,21000,0x,None,None,None,None,None
46731,1438928266,0xb7c8df07b78561d9c5ed1b8444b6660cf0614b11f0980cc6fde7a030edd653e3,0xa89ac93b23370472daac337e9afdf642543f3e57,0x92c27672fe65e002159ec2597fcf8897adbf5b29,None,0,0,8.60E+17,21000,81055333865,21000,0x,None,None,None,None,None
46734,1438928283,0xfd88138fe718abb497fffaf8e4fea144a87b8189be8b9d82ff7f9da56065648e,0x439632734cdf5a84774156c1938cbede2ef398f0,0x32be343b94f860124dc4fee278fdcbd38c102d88,None,0,0,5.00E+18,21000,58506592618,21000,0x,None,None,None,None,None
46735,1438928307,0x5327e9f1e58b2337b540f01432cbd45ce0c9be1433d38ff943230fba0471c78a,0x17f8255f73211f9129a7e93250e8b7df5d7f752d,0x32be343b94f860124dc4fee278fdcbd38c102d88,None,0,0,2.00E+21,21000,58506592618,21000,0x,None,None,None,None,None
46736,1438928331,0x37d412c4c46f6b005a629696b42ab6598ce1053e0124796532e31b73309a7cdf,0xb0bf4a71f730782368ef660fe6d298f432f95450,0x32be343b94f860124dc4fee278fdcbd38c102d88,None,0,0,2.00E+21,21000,58506592618,21000,0x,None,None,None,None,None
46738,1438928385,0x67b7c2f6696d6d62acb190c080d027dc8d4ff7ed9d5dab668193921825af63b5,0x3b2367f8494b5fe18d683c055d89999c9f3d1b34,0xd1f647c106b7c9ed6fdb157979744c4acf521a40,None,0,0,1.00E+22,21000,3.00E+11,21000,0x,None,None,None,None,None
46742,1438928467,0x56ff651c8277188b6b3888087ae32ecc1c9ca6dc26df344409d29abeb22d5f4b,0x4e5c9fd685dcc9abede1cbde4959039388bf7c5a,0xd61f065d146dde62e673fa519d464f8793f62e54,None,0,0,1.00E+16,21000,55016651675,21000,0x,None,None,None,None,None
46743,1438928470,0xaef167f04b65e7bfde1975c9f6855f4721d58c2e177f1cba57ead08532cb0fc4,0x3b2367f8494b5fe18d683c055d89999c9f3d1b34,0xf06d9ad3b665226845a219edad87696fce2fb88e,None,0,0,9.80E+17,21000,3.00E+11,21000,0x,None,None,None,None,None
46752,1438928581,0x7374afcedf5bb8a592754ef5db3db22bb2c16ba14aa6de1da9d752b06b71c479,0xe64d681b0ebca2997d5f35e72ebc7777973299d7,0x931ac2444b057f80a06a4fb627f26ffa5ce41184,None,0,0,2.00E+20,21000,1.11E+12,21000,0x,None,None,None,None,None
46753,1438928622,0x17309cb5dfbacdbdd75980f3492a08d5ce27d8e0cc693b26bec9105c3bd76662,0xa627e8dcbeffa8d3f027715040fcb93a30890a53,0xf06d9ad3b665226845a219edad87696fce2fb88e,None,0,0,9.90E+17,21000,3.00E+11,21000,0x,None,None,None,None,None
46755,1438928666,0x45ba736aeca0083af4d76361216c796d88b568a17b1185f100af1137b76e882d,0x821eb90994a2fbf94bdc3233910296f76f9bf6e7,0x17f8255f73211f9129a7e93250e8b7df5d7f752d,None,0,0,4.00E+21,21000,3.00E+11,21000,0x,None,None,None,None,None
46756,1438928680,0x20319825332ce11962926275740810f83e1429f8479ff22138175c28fab5630f,0x3f98e477a361f777da14611a7e419a75fd238b6b,0x097738363b1662599ad0777e19461601f5ec8df9,None,0,0,7.21E+17,21000,57758152271,21000,0x,None,None,None,None,None
46757,1438928709,0xa0ff14c9fa3462c04dab99fdeaa641dae0179ec14a527043795249d3005656ba,0xd1f647c106b7c9ed6fdb157979744c4acf521a40,0x32be343b94f860124dc4fee278fdcbd38c102d88,None,0,0,1.00E+22,21000,54863696114,21000,0x,None,None,None,None,None
46758,1438928720,0x3ca6811a8650689c8bb1948f5f034c8ecd3f1b026c322bf24913ed396e5c19b4,0x92c27672fe65e002159ec2597fcf8897adbf5b29,0x32be343b94f860124dc4fee278fdcbd38c102d88,None,0,0,8.59E+17,21000,54863696114,21000,0x,None,None,None,None,None
46760,1438928723,0xf56d1525e5a12e49e4062ba56298b1caa585c7b32ee647aec9cbc7270917731f,0x1c257ad4a55105ea3b58ed374b198da266c85f63,0x439632734cdf5a84774156c1938cbede2ef398f0,None,0,0,5.00E+21,21000,1.11E+12,21000,0x,None,None,None,None,None
46764,1438928783,0x6fd71911e4fd35400a6acbdac7995e58ae8154e0fdb3500fc3a6f3e843ea8823,0x17f8255f73211f9129a7e93250e8b7df5d7f752d,0x32be343b94f860124dc4fee278fdcbd38c102d88,None,0,0,4.00E+21,21000,59263413606,21000,0x,None,None,None,None,None
46768,1438928873,0x7374d33bfe9d2e6a192695cb87f62e97d2be381b4091a8240f2f034d8c2a8dab,0x0cda12bf72d461bbc479eb92e6491d057e6b5ad1,0x475351efe1d9cf36276ff2b7ae1d38bdb072e22c,None,0,0,3.00E+20,22000,4.50E+11,21000,0x,None,None,None,None,None
46781,1438929022,0xf567e2d2dac115d1abfecf5b38cda3ac7bacecfef73d9321b4f2948fc8cd049a,0x4ea56e1112641c038d0565a9c296c463afefc17e,0xb583f9403de6c5b2c83d7e2de9928331176071b8,None,0,0,1.81E+20,21000,56803409692,21000,0x,None,None,None,None,None
46782,1438929054,0x84aca5b58970908c5e45382e1c12f224bd2731b754fa4eab04916d93bc42f616,0x439632734cdf5a84774156c1938cbede2ef398f0,0x32be343b94f860124dc4fee278fdcbd38c102d88,None,0,0,5.00E+21,21000,54973336564,21000,0x,None,None,None,None,None
46783,1438929076,0x6b2cf4ee59534bb2549f632f4f4a8f276540ba6e697698bf756f145b807e94d6,0xb583f9403de6c5b2c83d7e2de9928331176071b8,0x32be343b94f860124dc4fee278fdcbd38c102d88,None,0,0,9.99E+17,21000,56258440003,21000,0x,None,None,None,None,None
46784,1438929082,0x02e48a3976385def2bebb40374d0b85a061ae9f21bf8e3fdb5d61317a04d5c07,0xe6a7a1d47ff21b6321162aea7c6cb457d5476bca,0x3f98e477a361f777da14611a7e419a75fd238b6b,None,0,0,1.02E+18,21000,58018422898,21000,0x,None,None,None,None,None
46785,1438929120,0x40d07f811480cbb862201ff61bfcf8d38379a898338137303e302e049196e19a,0xb1a2b43a7433dd150bb82227ed519cd6b142d382,0x92e829a1cd3017c1348fd29fb32afe9e01dcb53f,None,0,0,1.00E+19,21000,58444392856,21000,0x,None,None,None,None,None
46786,1438929177,0xbbc3a6aeb1a2d524353337a63472291dfb04146cb7694b88d0580ace02365f59,0x097738363b1662599ad0777e19461601f5ec8df9,0x32be343b94f860124dc4fee278fdcbd38c102d88,None,0,0,7.19E+17,21000,54973336564,21000,0x,None,None,None,None,None
46795,1438929280,0x106fb0570a8d13079cfe95e95fc8ef623fb2cecf9751f7004181fce8df077020,0xe64d681b0ebca2997d5f35e72ebc7777973299d7,0x931ac2444b057f80a06a4fb627f26ffa5ce41184,None,0,0,2.00E+20,30900,1.10E+12,21000,0x,None,None,None,None,None
46796,1438929310,0x66b3765644410b726521106ca61040371c55253aecd24710d45625043ea0676a,0xee906d7d5f1748258174be4cbc38930302ab7b42,0x8bae48f227d978d084b009b775222baaf61ed9fe,None,0,0,2.00E+20,21000,5.00E+11,21000,0x,None,None,None,None,None
46797,1438929311,0xd23a97f00f3c7b3c8f10cf2008f26b1d6e6feb6b98f0e024fe2d4a677a15743d,0x931ac2444b057f80a06a4fb627f26ffa5ce41184,0x32be343b94f860124dc4fee278fdcbd38c102d88,None,0,0,2.00E+20,21000,58966470545,21000,0x,None,None,None,None,None
46798,1438929315,0xe637a8af28fbad2437cbc24fc85cdceae503e6f4d92963a50f807d5926ac23ca,0xb583f9403de6c5b2c83d7e2de9928331176071b8,0x32be343b94f860124dc4fee278fdcbd38c102d88,None,0,0,1.79E+20,21000,58966470545,21000,0x,None,None,None,None,None
46801,1438929347,0x4570dae27bd2026b3d249bcba8f7f34fef071f7110079a1be7e89112c9f68607,0x4f4a9be10cd5d3fb5de48c17be296f895690645b,0xa945e7c3f69dc1e97e61f5875593b323f2d7ecda,None,0,0,1.00E+18,21000,1.00E+11,21000,0x,None,None,None,None,None
46804,1438929366,0xed44fc6f6cc350b3b08d7c0cd28bafc78a830ebed973999f962ac6fe20e35049,0x9252a9c83d5703edc585cfdce80d5f903d357514,0x2805a8e0ebe3c883e36ed32db09806ab53cdd310,None,0,0,2.00E+15,21000,60000000000,21000,0x,None,None,None,None,None
46806,1438929442,0x1bb65c617d313d569146833c8915325612a57d1ad71f1315031d5fad3ecf446e,0x1e6915ebd9a19c81b692ad99b1218a592c1ac7b1,0xb583f9403de6c5b2c83d7e2de9928331176071b8,None,0,0,2.00E+20,21000,60977851374,21000,0x,None,None,None,None,None
46807,1438929450,0x7da0fd6a0edf315b8fdacab1850be7c1fb40e494eeede40c9d4c623b34e83e64,0xe6a7a1d47ff21b6321162aea7c6cb457d5476bca,0x638f5cb148f5cafcef28905283373f0c8d8c2672,None,0,0,1.06E+18,21000,57654290282,21000,0x,None,None,None,None,None
46808,1438929478,0xa4f6b453543866227ba65323dabb639a47db67926e1fff34032f7933ab6e8339,0x821eb90994a2fbf94bdc3233910296f76f9bf6e7,0x17f8255f73211f9129a7e93250e8b7df5d7f752d,None,0,0,2.00E+21,21000,3.00E+11,21000,0x,None,None,None,None,None
46809,1438929502,0x30297c7d1d731b0db1f68df371a7af42a20b97d47771a454d5bc313c3b18b5af,0x1b7047b4338acf65be94c1a3e8c5c9338ad7d67c,0x2fe86c0450bf1be6001d119aa87f6f33117bd699,None,0,0,1.00E+20,21000,60000000000,21000,0x,None,None,None,None,None
46811,1438929540,0x1dc372c1f254d61461051733c98a39c27d247a4c43a61e82cbe03163ba4f9ef1,0x4f4a9be10cd5d3fb5de48c17be296f895690645b,0xa945e7c3f69dc1e97e61f5875593b323f2d7ecda,None,0,0,2.00E+21,21000,1.00E+11,21000,0x,None,None,None,None,None
46812,1438929561,0x9da79d75e82f3c2fecc2209f9b240b8b476b9d81f9c2977bc8799110ddd63898,0xe6a7a1d47ff21b6321162aea7c6cb457d5476bca,0xaa3d5083092da09b17024192c83361c85b19739d,None,0,0,1.07E+18,21000,59315384812,21000,0x,None,None,None,None,None
46814,1438929592,0x5c6b3769a9363e2d932ac7d58944a26e1edc95fb1546731544d03d0f48a66ba8,0x38d2e9154964b41c8d50a7487d391e7ee2c3d3c2,0xfd1356c729aba6307fdddaf2abf89c2563bbc1bf,None,0,0,1.00E+19,21000,56519970936,21000,0x,None,None,None,None,None
46815,1438929597,0x68bdeb61b469bcb44cac573d1f82f13545b1a0c6945cfcd4b955d768ee34ce8c,0xe6a7a1d47ff21b6321162aea7c6cb457d5476bca,0xd03f6b5b7fbcf7dd4dee4919543236c733546a2a,None,0,0,1.08E+18,21000,56982714153,21000,0x,None,None,None,None,None
46816,1438929604,0xef16ea5567c614eebdcbc9fe11f598becfb28ea249c9f7e0f3db8cf85e4432ad,0x17f8255f73211f9129a7e93250e8b7df5d7f752d,0x32be343b94f860124dc4fee278fdcbd38c102d88,None,0,0,2.00E+21,21000,56761411336,21000,0x,None,None,None,None,None
46817,1438929624,0x95beea73c238e0334ea83861f9a788673950961536bf4ce005cbe15bc6d0df44,0xb583f9403de6c5b2c83d7e2de9928331176071b8,0x32be343b94f860124dc4fee278fdcbd38c102d88,None,0,0,1.99E+20,21000,56761411336,21000,0x,None,None,None,None,None
46818,1438929643,0x3e522455d53b7d47f28a65eefbfaafb5f549fbb860668f6a8b61dd8dcf475f70,0x931ac2444b057f80a06a4fb627f26ffa5ce41184,0x32be343b94f860124dc4fee278fdcbd38c102d88,None,0,0,2.00E+20,21000,56188121081,21000,0x,None,None,None,None,None
46819,1438929655,0xccfa2826a4fcab4011b88cf46c330f22220b211bdbbafc26b3e1e2cf6a5aff40,0xe6a7a1d47ff21b6321162aea7c6cb457d5476bca,0x408e45b501976ea5715d90b1ba57b2b969645f05,None,0,0,1.09E+18,21000,54776026266,21000,0x,None,None,None,None,None
46823,1438929731,0xb6ad300540656a1ede0606724cbba5513d46f301842b72bced6135b85c515ed8,0xe6a7a1d47ff21b6321162aea7c6cb457d5476bca,0x6baf48e1c966d16559ce2dddb616ffa72004851e,None,0,0,1.15E+18,21000,58194666777,21000,0x,None,None,None,None,None
46826,1438929799,0x1e975908596cc460068ea8e83a3d2fb10563ae7606b21856a4a7397ee4dc6ab4,0xbcd95ef962462b6edfa10fda87d72242fe3edb5c,0x6268efd741c08f1ec4299a8fbe1d726a081da611,None,0,0,3.34E+20,21000,5.00E+11,21000,0x,None,None,None,None,None
46827,1438929842,0xcf9b2cf02d7141a20b885c8d824c19053ac82a4fd4ff2e8811b91119c85f531e,0xe6a7a1d47ff21b6321162aea7c6cb457d5476bca,0x9766fad89b75d0931c75b3bd3cbcb45402351a67,None,0,0,1.17E+18,21000,55871022335,21000,0x,None,None,None,None,None
46828,1438929855,0x2a4a0b813ea49bf4ce40b6ef26ad9b83cb1353c4c1d2e2a12f1a949c12cfdfbd,0x6e4f1dd8edb448d8f0f2829eb817b81acee45152,0x756c55cbfa47fd23c0260f958e65866e64c096cb,None,0,0,1.00E+15,23300,5.00E+11,21000,0x,None,None,None,None,None
46831,1438929958,0x9dc94112912650e4670ff46cbeb2296ccae83b19802f4f5ec69d9fd652fc259c,0x7836f7ef6bc7bd0ff3acaf449c84dd6b1e2c939f,0xe14413eb7d350336fc972b500c0fbb3fd3d953ce,None,0,0,1.00E+21,22000,1.00E+12,21000,0x,None,None,None,None,None
46832,1438929959,0x03c48c524d2caa2d2af768a9a71e6e46240ed5e89901bb32f177fbd593597901,0x1b7047b4338acf65be94c1a3e8c5c9338ad7d67c,0x2fe86c0450bf1be6001d119aa87f6f33117bd699,None,0,0,1.00E+21,21000,60000000000,21000,0x,None,None,None,None,None
46833,1438929961,0xcebeed634adc7abe3aea1b3941f053c4957c297a6ef305d43ce095bbb34ce406,0x1b7047b4338acf65be94c1a3e8c5c9338ad7d67c,0x2fe86c0450bf1be6001d119aa87f6f33117bd699,None,0,0,1.00E+21,21000,60000000000,21000,0x,None,None,None,None,None
46834,1438929962,0x040b6f1ae787ac818bc70c35c40e9471993854dfa3d14b6803b08a8c6f093974,0x1b7047b4338acf65be94c1a3e8c5c9338ad7d67c,0x2fe86c0450bf1be6001d119aa87f6f33117bd699,None,0,0,1.00E+21,21000,60000000000,21000,0x,None,None,None,None,None
46835,1438930025,0xb8227c962ca455bfced27129540b5b2f58b21461a159c8cb4972907b9be4fd1a,0x6268efd741c08f1ec4299a8fbe1d726a081da611,0x1fd82e72c890d679a44a8e61d728a81222922c31,None,0,0,3.30E+20,23300,5.00E+11,21000,0x,None,None,None,None,None
46836,1438930049,0xd1819eb071c187a46db31850d63153b1aed127d6b5ca9d0535c1a69ee6867dd2,0x2fe86c0450bf1be6001d119aa87f6f33117bd699,0x32be343b94f860124dc4fee278fdcbd38c102d88,None,0,0,2.10E+21,21000,60676374873,21000,0x,None,None,None,None,None
46837,1438930055,0x138decbdc6dd33266a50071f24ac4fe51c7b05e48d1a16fc4cf150d3a347ecdc,0xe6a7a1d47ff21b6321162aea7c6cb457d5476bca,0xf55cdbdf978f539ea4eee0621f7f1a0f9f00f7d9,None,0,0,1.25E+18,21000,59314128632,21000,0x,None,None,None,None,None
46838,1438930065,0x8484a34902f4860d59e00ba1f98927b2cd8a276060e28d73a6601b28e925e2c3,0x0b21649ef6b76e8dbac646c7cd474df6f17afc9b,0xebdc6dd87d3a9840bc68c0266f06122234430dbb,None,0,0,2.00E+19,21500,56182090993,21000,0x,None,None,None,None,None
46839,1438930077,0x341af303c529296cef4c38fc1a97338fcd21dbe9b353bb64f17dbc69d294a966,0x07d41217badca5e0e60327d845a3464f0f27f84a,0xb583f9403de6c5b2c83d7e2de9928331176071b8,None,0,0,4.00E+21,21000,55916507726,21000,0x,None,None,None,None,None
46840,1438930085,0x9d28016c9546b465d2744cc32df4d75bee4aa6ec418460f00f0390380f2fd7ed,0x6e4f1dd8edb448d8f0f2829eb817b81acee45152,0x756c55cbfa47fd23c0260f958e65866e64c096cb,None,0,0,1.00E+18,23300,5.00E+11,21000,0x,None,None,None,None,None
46843,1438930197,0x609dcf9e37f979a0e8e44d1db567d659d7488d842536c4499857533c02aedaa3,0x0a2a9354e81f171976131fecbee823802e9b13ea,0x4a7c6662593951f4d9fcd1009738cccfc9d3f774,None,0,0,1.00E+18,21000,5.00E+11,21000,0x,None,None,None,None,None
46849,1438930285,0xcb5f944b4e9443a2d8595262a7362282657ce71744a953bc8c3b70d2533a0331,0xb583f9403de6c5b2c83d7e2de9928331176071b8,0x32be343b94f860124dc4fee278fdcbd38c102d88,None,0,0,4.00E+21,21000,58512530783,21000,0x,None,None,None,None,None
46850,1438930291,0xeff469d74dad47280f6f3312bccf4522d21bfe1b1dd5adc6a0354d8fc0aa8592,0x2fe86c0450bf1be6001d119aa87f6f33117bd699,0x32be343b94f860124dc4fee278fdcbd38c102d88,None,0,0,1.00E+21,21000,57957831991,21000,0x,None,None,None,None,None
46851,1438930310,0xdfaa5915539c6694fd30f26727f8ffc0118d2ed1e07318c53bee0d0014f38f4a,0xfd1356c729aba6307fdddaf2abf89c2563bbc1bf,0x32be343b94f860124dc4fee278fdcbd38c102d88,None,0,0,1.00E+19,21000,57957831991,21000,0x,None,None,None,None,None
46852,1438930327,0x204ab7cd8494d46c5481943f67809cd0c5dc2d5b93dd4c5e9bc8f1dfeca6d09c,0xb1a2b43a7433dd150bb82227ed519cd6b142d382,0x92e829a1cd3017c1348fd29fb32afe9e01dcb53f,None,0,0,8.00E+20,21000,56601953874,21000,0x,None,None,None,None,None
46853,1438930397,0x6c56e08b9e296c8f7c218b091629a92f5c7e6e46911e94680c6bad71dcc5849f,0x1c257ad4a55105ea3b58ed374b198da266c85f63,0x439632734cdf5a84774156c1938cbede2ef398f0,None,0,0,2.50E+21,21000,1.12E+12,21000,0x,None,None,None,None,None
46854,1438930430,0xc749a072e7e0a8b329fe4d9027b77e2631fca5cf930ebddfe6548b9804dd8daa,0x3e4fbd661015f6461ed6735cefef01f31445de3a,0x53dac344f48a004729edb5a2ab8900893b904783,None,0,0,1.00E+18,21000,6.00E+11,21000,0x,None,None,None,None,None
46855,1438930466,0x0a457184f2d0bafaa2b060213a9af23080db596c2c478fcc1ebc923f38d4fdd8,0xe6a7a1d47ff21b6321162aea7c6cb457d5476bca,0x0a656fa14f63ce9de5d4e2e8c03c2f00918bc1e2,None,0,0,1.25E+18,21000,58913993487,21000,0x,None,None,None,None,None
46856,1438930473,0x9024ed9814dce2ec78b3c77eb9a6cbdffcb45529684d22aa5797331b9c2cb153,0x49dc75d11428d1d718fc7b71941b71ae6f8bfa3c,0xef76c144553e10420aa7fa2c205db698af95bed3,None,0,0,4.90E+19,22000,57935965411,21000,0x,None,None,None,None,None
46857,1438930476,0xfb3118914c770009654a36904897ac12a1d69b8479b7011ae2c389ff23ee4d90,0xc8ebccc5f5689fa8659d83713341e5ad19349448,0x0000000000000000000000000000000000000000,None,0,0,1.40E+19,21000,54505053457,21000,0x,None,None,None,None,None
46859,1438930530,0x83c876b86140e797d487f0c37922c4ef8334808eafffbacbcb35b754c5b965fc,0xe6a7a1d47ff21b6321162aea7c6cb457d5476bca,0x5eb29be794cc425659ce205c7574d158dfa6fb15,None,0,0,1.28E+18,21000,57812194525,21000,0x,None,None,None,None,None
46860,1438930537,0x57b8cbf1ff9c759a018bb369383cbfc48188c38df37356598d52300dd219a5c6,0x53dac344f48a004729edb5a2ab8900893b904783,0x32be343b94f860124dc4fee278fdcbd38c102d88,None,0,0,9.99E+17,21000,57905966794,21000,0x,None,None,None,None,None
46861,1438930558,0x6c45dc9b6a58bd19413dca5069b9881f8ff247d3e178f79ef8b5157eee541484,0xef76c144553e10420aa7fa2c205db698af95bed3,0x32be343b94f860124dc4fee278fdcbd38c102d88,None,0,0,4.90E+19,21000,57352964810,21000,0x,None,None,None,None,None
46863,1438930640,0x02b835c272d372004c605769a050e10fad824ebbb2993c840c6aed977b8a7a05,0xd7e30ae310c1d1800f5b641baa7af95b2e1fd98c,0xdf2b4cca7ef689e4f525fa2346b1864f36f25e25,None,0,0,1.00E+18,21000,5.00E+11,21000,0x,None,None,None,None,None
46864,1438930675,0xe7315eccb919f2cb600da80958a2ee435532751de12d9f75f4a66a843b84bc99,0xe6a7a1d47ff21b6321162aea7c6cb457d5476bca,0xe6e9cf0f014f687dee574d81d6a2fb6ac182922c,None,0,0,1.44E+18,21000,59353724887,21000,0x,None,None,None,None,None
46866,1438930695,0x822074428f7d7303f3ddad4d2fcb0bfbfd6dc713cddd959bb7255f6390567224,0x834e9b529ac9fa63b39a06f8d8c9b0d6791fa5df,0xbcf9cbee07209482191e52b1136d0df410da4925,None,0,0,1.00E+18,21000,57608012565,21000,0x,None,None,None,None,None
46867,1438930708,0x587e6540b87f921eb6cc22ac02dbbe26367af512a160fc2d6ee4172c5ff9df52,0x004bfbe1546bc6c65b5c7eaa55304b38bbfec6d3,0xb583f9403de6c5b2c83d7e2de9928331176071b8,None,0,0,2.00E+21,21000,57514345997,21000,0x,None,None,None,None,None
46870,1438930749,0x61993c4e2baf6fa686d33227f03b119c882ea6e4fc29029b9634eb85bf5cbd56,0xe6a7a1d47ff21b6321162aea7c6cb457d5476bca,0x5323a068accf78eaca5ce1a689e8a5591827787c,None,0,0,1.50E+18,21000,56387208077,21000,0x,None,None,None,None,None
46873,1438930797,0x3f9f692321f11266754dde392af66a8de23a7ed28616458353c83dbc59b75bb3,0xe6a7a1d47ff21b6321162aea7c6cb457d5476bca,0xf178805ea39c903a49e6a465dbd40f22576ae24a,None,0,0,1.52E+18,21000,59536613259,21000,0x,None,None,None,None,None
46876,1438930842,0x3c94b2237f73a8349b16a0e917a94d9b8c91b9b781b710c671361789585585f6,0x439632734cdf5a84774156c1938cbede2ef398f0,0x32be343b94f860124dc4fee278fdcbd38c102d88,None,0,0,2.50E+21,21000,56272858065,21000,0x,None,None,None,None,None
46877,1438930850,0x581a95af32d577aaaaa46b1fea2c83dec7891c0fb4c854b750035829c5920528,0xe6a7a1d47ff21b6321162aea7c6cb457d5476bca,0x26163e84886a136fc8034eb4e9f1cc00b1d345f1,None,0,0,1.53E+18,21000,57124195650,21000,0x,None,None,None,None,None
46878,1438930865,0xcf3ccebd2860cf8157b6653b7941ededfd7040f74ecccf4a0679e494226f5c00,0xb583f9403de6c5b2c83d7e2de9928331176071b8,0x32be343b94f860124dc4fee278fdcbd38c102d88,None,0,0,2.00E+21,21000,56272858065,21000,0x,None,None,None,None,None
46879,1438930874,0xdd46214912ffa3f5648424fcddfe31035a16d29845247299120dc7d9879b68d5,0xc1cdc601f89c0428b31302d187e0dc08ad7d1c57,0xdc49b9dc1abb93ebb856547a1c0578d65f4a32de,None,0,0,69,21001,55017488546,21000,0x,None,None,None,None,None
46880,1438930924,0xc649b15ffccfcd55a9ce191225d51025f179b85f36c5bef8c6c49ec084e02024,0xd7e30ae310c1d1800f5b641baa7af95b2e1fd98c,0xdf2b4cca7ef689e4f525fa2346b1864f36f25e25,None,0,0,1.00E+21,21000,5.00E+11,21000,0x,None,None,None,None,None
46881,1438930927,0xde7daee1388efb1e7ace43f797eb0d8d0e4eb95b3d65657bf5a16083e5b59980,0xc8ebccc5f5689fa8659d83713341e5ad19349448,0xdc49b9dc1abb93ebb856547a1c0578d65f4a32de,None,0,0,1.00E+18,21000,57458235199,21000,0x,None,None,None,None,None
46883,1438930948,0x860a40074909acc754e3601069d66391af33c764d631274e9203fa8ffadcd662,0xe6a7a1d47ff21b6321162aea7c6cb457d5476bca,0xe91df4c9bf7db929bf5c093da6540cd73b342fd4,None,0,0,1.58E+18,21000,55309500263,21000,0x,None,None,None,None,None
46864,1438930675,0xe7315eccb919f2cb600da80958a2ee435532751de12d9f75f4a66a843b84bc99,0xe6a7a1d47ff21b6321162aea7c6cb457d5476bca,0xe6e9cf0f014f687dee574d81d6a2fb6ac182922c,None,0,0,1.44E+18,21000,59353724887,21000,0x,None,None,None,None,None
